date,location,scrape_date,team_1,team_2,rank_1,rank_2,elo_1,elo_2,elo_diff_1,team_1_w,draw,team_2_w,team_1_odds,draw_odds,team_2_odds
2024-07-06,Copa América in the United States,2024-07-06,Brazil,Uruguay,6,5,2021,2027,-6,0.3103161397670549,0.3136439267886855,0.37603993344425957,3.222520107238606,3.1883289124668437,2.65929203539823
2024-07-06,Copa América in the United States,2024-07-06,Colombia,Panama,4,31,2030,1747,283,0.6589861751152074,0.22580645161290322,0.1152073732718894,1.5174825174825175,4.428571428571429,8.68
2024-07-07,COSAFA Cup in South Africa,2024-07-06,Angola,Namibia,77,106,1527,1402,125,0.47880539499036606,0.28901734104046245,0.2321772639691715,2.0885311871227366,3.4599999999999995,4.3070539419087135
2024-07-07,COSAFA Cup in South Africa,2024-07-06,Comoros,Mozambique,125,100,1339,1424,-85,0.2950955943474647,0.28345802161263506,0.42144638403990026,3.388732394366197,3.5278592375366573,2.3727810650887573
2024-07-09,Euro Championship in Germany,2024-07-06,France,Spain,3,2,2069,2112,-43,0.3103161397670549,0.3136439267886855,0.37603993344425957,3.222520107238606,3.1883289124668437,2.65929203539823
2024-07-09,Copa América in the United States,2024-07-06,Argentina,Canada,1,31,2142,1747,395,0.7521367521367521,0.16666666666666666,0.0811965811965812,1.3295454545454546,6.0,12.31578947368421
2024-07-10,Euro Championship in Germany,2024-07-06,England,Netherlands,8,7,1971,1989,-18,0.3103161397670549,0.3136439267886855,0.37603993344425957,3.222520107238606,3.1883289124668437,2.65929203539823
2024-07-27,Friendly in the United States,2024-07-06,El Salvador,Guatemala,110,86,1389,1485,-96,0.2950955943474647,0.28345802161263506,0.42144638403990026,3.388732394366197,3.5278592375366573,2.3727810650887573
2024-09-04,CONCACAF League C in Anguilla,2024-07-06,Anguilla,Turks and Caicos,233,219,599,690,-91,0.2950955943474647,0.28345802161263506,0.42144638403990026,3.388732394366197,3.5278592375366573,2.3727810650887573
2024-09-04,CONCACAF League C in the Br Virgin Islands,2024-07-06,British Virgin Islands,Cayman Islands,227,207,651,825,-174,0.1875,0.25646551724137934,0.5560344827586207,5.333333333333333,3.8991596638655457,1.7984496124031009
2024-09-04,CONCACAF League C in the US Virgin Isl,2024-07-06,US Virgin Islands,Bahamas,230,209,618,810,-192,0.1875,0.25646551724137934,0.5560344827586207,5.333333333333333,3.8991596638655457,1.7984496124031009
2024-09-05,World Cup qualifier in Australia,2024-07-06,Australia,Bahrain,27,92,1774,1453,321,0.7140319715808171,0.18650088809946713,0.0994671403197158,1.4004975124378107,5.361904761904762,10.053571428571429
2024-09-05,World Cup qualifier in Iran,2024-07-06,Iran,Kyrgyzstan,21,145,1807,1279,528,0.8936170212765957,0.06382978723404255,0.0425531914893617,1.119047619047619,15.666666666666668,23.5
2024-09-05,World Cup qualifier in Iraq,2024-07-06,Iraq,Oman,51,76,1660,1529,131,0.47880539499036606,0.28901734104046245,0.2321772639691715,2.0885311871227366,3.4599999999999995,4.3070539419087135
2024-09-05,World Cup qualifier in Japan,2024-07-06,Japan,China,17,107,1856,1396,460,0.8354430379746836,0.13924050632911392,0.02531645569620253,1.196969696969697,7.1818181818181825,39.5
2024-09-05,World Cup qualifier in Jordan,2024-07-06,Jordan,Kuwait,53,127,1635,1334,301,0.7140319715808171,0.18650088809946713,0.0994671403197158,1.4004975124378107,5.361904761904762,10.053571428571429
2024-09-05,World Cup qualifier in Qatar,2024-07-06,Qatar,United Arab Emirates,55,83,1631,1501,130,0.47880539499036606,0.28901734104046245,0.2321772639691715,2.0885311871227366,3.4599999999999995,4.3070539419087135
2024-09-05,World Cup qualifier in Saudi Arabia,2024-07-06,Saudi Arabia,Indonesia,63,129,1587,1330,257,0.6589861751152074,0.22580645161290322,0.1152073732718894,1.5174825174825175,4.428571428571429,8.68
2024-09-05,World Cup qualifier in South Korea,2024-07-06,South Korea,Palestine,35,103,1738,1406,332,0.7140319715808171,0.18650088809946713,0.0994671403197158,1.4004975124378107,5.361904761904762,10.053571428571429
2024-09-05,World Cup qualifier in Uzbekistan,2024-07-06,Uzbekistan,North Korea,46,108,1680,1395,285,0.6589861751152074,0.22580645161290322,0.1152073732718894,1.5174825174825175,4.428571428571429,8.68
2024-09-05,Asian Cup qualifier in Brunei,2024-07-06,Brunei,Macao,228,225,640,665,-25,0.3103161397670549,0.3136439267886855,0.37603993344425957,3.222520107238606,3.1883289124668437,2.65929203539823
2024-09-05,Asian Cup qualifier in East Timor,2024-07-06,East Timor,Mongolia,231,210,610,790,-180,0.1875,0.25646551724137934,0.5560344827586207,5.333333333333333,3.8991596638655457,1.7984496124031009
2024-09-05,Asian Cup qualifier in Sri Lanka,2024-07-06,Sri Lanka,Cambodia,220,205,688,842,-154,0.1875,0.25646551724137934,0.5560344827586207,5.333333333333333,3.8991596638655457,1.7984496124031009
2024-09-05,European League A in Denmark,2024-07-06,Denmark,Switzerland,19,13,1816,1904,-88,0.2950955943474647,0.28345802161263506,0.42144638403990026,3.388732394366197,3.5278592375366573,2.3727810650887573
2024-09-05,European League A in Portugal,2024-07-06,Portugal,Croatia,9,12,1960,1916,44,0.376139188069594,0.3115161557580779,0.3123446561723281,2.6585903083700444,3.210106382978723,3.2015915119363396
2024-09-05,European League A in Scotland,2024-07-06,Scotland,Poland,36,39,1735,1730,5,0.376139188069594,0.3115161557580779,0.3123446561723281,2.6585903083700444,3.210106382978723,3.2015915119363396
2024-09-05,European League A in Serbia,2024-07-06,Serbia,Spain,24,2,1789,2112,-323,0.10124333925399645,0.17939609236234458,0.7193605683836589,9.87719298245614,5.574257425742575,1.3901234567901235
2024-09-05,European League C in Azerbaijan,2024-07-06,Azerbaijan,Sweden,84,47,1493,1675,-182,0.1875,0.25646551724137934,0.5560344827586207,5.333333333333333,3.8991596638655457,1.7984496124031009
2024-09-05,European League C in Belarus,2024-07-06,Belarus,Bulgaria,96,85,1433,1488,-55,0.2950955943474647,0.28345802161263506,0.42144638403990026,3.388732394366197,3.5278592375366573,2.3727810650887573
2024-09-05,European League C in Estonia,2024-07-06,Estonia,Slovakia,113,43,1371,1685,-314,0.10124333925399645,0.17939609236234458,0.7193605683836589,9.87719298245614,5.574257425742575,1.3901234567901235
2024-09-05,European League C in Northern Ireland,2024-07-06,Northern Ireland,Luxembourg,78,79,1518,1511,7,0.376139188069594,0.3115161557580779,0.3123446561723281,2.6585903083700444,3.210106382978723,3.2015915119363396
2024-09-05,European League D in San Marino,2024-07-06,San Marino,Liechtenstein,212,191,774,968,-194,0.1875,0.25646551724137934,0.5560344827586207,5.333333333333333,3.8991596638655457,1.7984496124031009
2024-09-05,World Cup qualifier in Argentina,2024-07-06,Argentina,Chile,1,40,2142,1723,419,0.7701863354037267,0.18633540372670807,0.043478260869565216,1.2983870967741935,5.366666666666667,23.0
2024-09-05,World Cup qualifier in Bolivia,2024-07-06,Bolivia,Venezuela,73,18,1551,1820,-269,0.1140215716486903,0.23112480739599384,0.6548536209553159,8.77027027027027,4.326666666666667,1.5270588235294118
2024-09-05,World Cup qualifier in Brazil,2024-07-06,Brazil,Ecuador,6,16,2021,1871,150,0.5538954108858057,0.25933831376734257,0.18676627534685167,1.8053949903660886,3.8559670781893005,5.354285714285714
2024-09-05,World Cup qualifier in Peru,2024-07-06,Peru,Colombia,41,4,1710,2030,-320,0.10124333925399645,0.17939609236234458,0.7193605683836589,9.87719298245614,5.574257425742575,1.3901234567901235
2024-09-05,World Cup qualifier in Uruguay,2024-07-06,Uruguay,Paraguay,5,49,2027,1661,366,0.7521367521367521,0.16666666666666666,0.0811965811965812,1.3295454545454546,6.0,12.31578947368421
2024-09-05,CONCACAF League A in Costa Rica,2024-07-06,Costa Rica,Guadeloupe,49,130,1661,1327,334,0.7140319715808171,0.18650088809946713,0.0994671403197158,1.4004975124378107,5.361904761904762,10.053571428571429
2024-09-05,CONCACAF League A in Guatemala,2024-07-06,Guatemala,Martinique,86,95,1485,1437,48,0.376139188069594,0.3115161557580779,0.3123446561723281,2.6585903083700444,3.210106382978723,3.2015915119363396
2024-09-05,CONCACAF League A in Guyana,2024-07-06,Guyana,Suriname,146,135,1274,1319,-45,0.3103161397670549,0.3136439267886855,0.37603993344425957,3.222520107238606,3.1883289124668437,2.65929203539823
2024-09-05,CONCACAF League B in Bonaire,2024-07-06,Bonaire,St Vincent/Gren,206,178,827,1071,-244,0.15625,0.23567708333333334,0.6080729166666666,6.4,4.2430939226519335,1.644539614561028
2024-09-05,CONCACAF League B in Montserrat,2024-07-06,Montserrat,El Salvador,185,110,1015,1389,-374,0.07956989247311828,0.16989247311827957,0.7505376344086021,12.567567567567567,5.886075949367089,1.332378223495702
2024-09-06,European League A in Belgium,2024-07-06,Belgium,Israel,10,66,1934,1567,367,0.7521367521367521,0.16666666666666666,0.0811965811965812,1.3295454545454546,6.0,12.31578947368421
2024-09-06,European League A in France,2024-07-06,France,Italy,3,14,2069,1891,178,0.5538954108858057,0.25933831376734257,0.18676627534685167,1.8053949903660886,3.8559670781893005,5.354285714285714
2024-09-06,European League B in Iceland,2024-07-06,Iceland,Montenegro,68,71,1562,1555,7,0.376139188069594,0.3115161557580779,0.3123446561723281,2.6585903083700444,3.210106382978723,3.2015915119363396
2024-09-06,European League B in Kazakhstan,2024-07-06,Kazakhstan,Norway,92,37,1453,1734,-281,0.1140215716486903,0.23112480739599384,0.6548536209553159,8.77027027027027,4.326666666666667,1.5270588235294118
2024-09-06,European League B in Slovenia,2024-07-06,Slovenia,Austria,29,15,1771,1876,-105,0.2293488824101069,0.2915451895043732,0.47910592808551994,4.360169491525424,3.4299999999999997,2.0872210953346855
2024-09-06,European League B in Wales,2024-07-06,Wales,Turkey,44,22,1684,1805,-121,0.2293488824101069,0.2915451895043732,0.47910592808551994,4.360169491525424,3.4299999999999997,2.0872210953346855
2024-09-06,European League C in Kosovo,2024-07-06,Kosovo,Romania,81,45,1505,1682,-177,0.1875,0.25646551724137934,0.5560344827586207,5.333333333333333,3.8991596638655457,1.7984496124031009
2024-09-06,European League C in Lithuania,2024-07-06,Lithuania,Cyprus,117,138,1356,1315,41,0.376139188069594,0.3115161557580779,0.3123446561723281,2.6585903083700444,3.210106382978723,3.2015915119363396
2024-09-06,CONCACAF League A in French Guiana,2024-07-06,French Guiana,Nicaragua,143,122,1288,1349,-61,0.2950955943474647,0.28345802161263506,0.42144638403990026,3.388732394366197,3.5278592375366573,2.3727810650887573
2024-09-06,CONCACAF League A in Honduras,2024-07-06,Honduras,Trinidad and Tobago,79,102,1511,1413,98,0.4188963210702341,0.2842809364548495,0.2968227424749164,2.3872255489021956,3.51764705882353,3.3690140845070418
2024-09-06,CONCACAF League A in Jamaica,2024-07-06,Jamaica,Cuba,61,141,1589,1295,294,0.6589861751152074,0.22580645161290322,0.1152073732718894,1.5174825174825175,4.428571428571429,8.68
2024-09-06,CONCACAF League B in Puerto Rico,2024-07-06,Puerto Rico,Haiti,165,82,1148,1502,-354,0.07956989247311828,0.16989247311827957,0.7505376344086021,12.567567567567567,5.886075949367089,1.332378223495702
2024-09-06,CONCACAF League B in Saint Lucia,2024-07-06,Saint Lucia,Curaçao,174,118,1084,1355,-271,0.1140215716486903,0.23112480739599384,0.6548536209553159,8.77027027027027,4.326666666666667,1.5270588235294118
2024-09-06,CONCACAF League B in Saint Martin,2024-07-06,Saint Martin,Grenada,194,175,942,1083,-141,0.2293488824101069,0.2915451895043732,0.47910592808551994,4.360169491525424,3.4299999999999997,2.0872210953346855
2024-09-06,CONCACAF League B in Sint Maarten,2024-07-06,Sint Maarten,Aruba,204,189,855,992,-137,0.2293488824101069,0.2915451895043732,0.47910592808551994,4.360169491525424,3.4299999999999997,2.0872210953346855
2024-09-07,European League A in Germany,2024-07-06,Germany,Hungary,10,23,1934,1801,133,0.47880539499036606,0.28901734104046245,0.2321772639691715,2.0885311871227366,3.4599999999999995,4.3070539419087135
2024-09-07,European League A in the Netherlands,2024-07-06,Netherlands,Bosnia/Herzegovina,7,89,1989,1476,513,0.8936170212765957,0.06382978723404255,0.0425531914893617,1.119047619047619,15.666666666666668,23.5
2024-09-07,European League B in Georgia,2024-07-06,Georgia,Czechia,42,38,1704,1732,-28,0.3103161397670549,0.3136439267886855,0.37603993344425957,3.222520107238606,3.1883289124668437,2.65929203539823
2024-09-07,European League B in Greece,2024-07-06,Greece,Finland,34,57,1739,1627,112,0.47880539499036606,0.28901734104046245,0.2321772639691715,2.0885311871227366,3.4599999999999995,4.3070539419087135
2024-09-07,European League B in Ireland,2024-07-06,Ireland,England,59,8,1619,1971,-352,0.07956989247311828,0.16989247311827957,0.7505376344086021,12.567567567567567,5.886075949367089,1.332378223495702
2024-09-07,European League B in Czechia,2024-07-06,Ukraine,Albania,19,55,1816,1631,185,0.5538954108858057,0.25933831376734257,0.18676627534685167,1.8053949903660886,3.8559670781893005,5.354285714285714
2024-09-07,European League C in Armenia,2024-07-06,Armenia,Latvia,90,134,1462,1321,141,0.47880539499036606,0.28901734104046245,0.2321772639691715,2.0885311871227366,3.4599999999999995,4.3070539419087135
2024-09-07,European League C in the Faroe Islands,2024-07-06,Faroe Islands,North Macedonia,152,74,1246,1547,-301,0.10124333925399645,0.17939609236234458,0.7193605683836589,9.87719298245614,5.574257425742575,1.3901234567901235
2024-09-07,European League D in Moldova,2024-07-06,Moldova,Malta,120,151,1350,1257,93,0.4188963210702341,0.2842809364548495,0.2968227424749164,2.3872255489021956,3.51764705882353,3.3690140845070418
2024-09-07,Friendly in the United States,2024-07-06,United States,Canada,31,31,1747,1747,0,0.376139188069594,0.3115161557580779,0.3123446561723281,2.6585903083700444,3.210106382978723,3.2015915119363396
2024-09-07,CONCACAF League B in Bermuda,2024-07-06,Bermuda,Dominican Republic,168,159,1126,1208,-82,0.2950955943474647,0.28345802161263506,0.42144638403990026,3.388732394366197,3.5278592375366573,2.3727810650887573
2024-09-07,CONCACAF League B in Dominica,2024-07-06,Dominica,Antigua and Barbuda,186,190,1008,988,20,0.376139188069594,0.3115161557580779,0.3123446561723281,2.6585903083700444,3.210106382978723,3.2015915119363396
2024-09-07,CONCACAF League C in the Bahamas,2024-07-06,Bahamas,Barbados,209,195,810,930,-120,0.2293488824101069,0.2915451895043732,0.47910592808551994,4.360169491525424,3.4299999999999997,2.0872210953346855
2024-09-07,CONCACAF League C in the Cayman Islands,2024-07-06,Cayman Islands,Saint Kitts and Nevis,207,176,825,1082,-257,0.1140215716486903,0.23112480739599384,0.6548536209553159,8.77027027027027,4.326666666666667,1.5270588235294118
2024-09-07,CONCACAF League C in Turks and Caicos,2024-07-06,Turks and Caicos,Belize,219,182,690,1039,-349,0.10124333925399645,0.17939609236234458,0.7193605683836589,9.87719298245614,5.574257425742575,1.3901234567901235
2024-09-07,Friendly in the United States,2024-07-06,Mexico,New Zealand,25,65,1785,1571,214,0.6096605744125326,0.2362924281984334,0.15404699738903394,1.640256959314775,4.232044198895028,6.491525423728814
2024-09-08,European League A in Croatia,2024-07-06,Croatia,Poland,12,39,1916,1730,186,0.5538954108858057,0.25933831376734257,0.18676627534685167,1.8053949903660886,3.8559670781893005,5.354285714285714
2024-09-08,European League A in Denmark,2024-07-06,Denmark,Serbia,19,24,1816,1789,27,0.376139188069594,0.3115161557580779,0.3123446561723281,2.6585903083700444,3.210106382978723,3.2015915119363396
2024-09-08,European League A in Portugal,2024-07-06,Portugal,Scotland,9,36,1960,1735,225,0.6096605744125326,0.2362924281984334,0.15404699738903394,1.640256959314775,4.232044198895028,6.491525423728814
2024-09-08,European League A in Switzerland,2024-07-06,Switzerland,Spain,13,2,1904,2112,-208,0.15625,0.23567708333333334,0.6080729166666666,6.4,4.2430939226519335,1.644539614561028
2024-09-08,European League C in Bulgaria,2024-07-06,Bulgaria,Northern Ireland,85,78,1488,1518,-30,0.3103161397670549,0.3136439267886855,0.37603993344425957,3.222520107238606,3.1883289124668437,2.65929203539823
2024-09-08,European League C in Luxembourg,2024-07-06,Luxembourg,Belarus,79,96,1511,1433,78,0.4188963210702341,0.2842809364548495,0.2968227424749164,2.3872255489021956,3.51764705882353,3.3690140845070418
2024-09-08,European League C in Slovakia,2024-07-06,Slovakia,Azerbaijan,43,84,1685,1493,192,0.5538954108858057,0.25933831376734257,0.18676627534685167,1.8053949903660886,3.8559670781893005,5.354285714285714
2024-09-08,European League C in Sweden,2024-07-06,Sweden,Estonia,47,113,1675,1371,304,0.7140319715808171,0.18650088809946713,0.0994671403197158,1.4004975124378107,5.361904761904762,10.053571428571429
2024-09-08,European League D in Gibraltar,2024-07-06,Gibraltar,Liechtenstein,180,191,1057,968,89,0.4188963210702341,0.2842809364548495,0.2968227424749164,2.3872255489021956,3.51764705882353,3.3690140845070418
2024-09-08,CONCACAF League B in El Salvador,2024-07-06,El Salvador,Bonaire,110,206,1389,827,562,0.8629032258064516,0.08064516129032258,0.056451612903225805,1.158878504672897,12.4,17.714285714285715
2024-09-08,CONCACAF League B in St Vincent/Gren,2024-07-06,St Vincent/Gren,Montserrat,178,185,1071,1015,56,0.4188963210702341,0.2842809364548495,0.2968227424749164,2.3872255489021956,3.51764705882353,3.3690140845070418
2024-09-09,European League A in France,2024-07-06,France,Belgium,3,10,2069,1934,135,0.47880539499036606,0.28901734104046245,0.2321772639691715,2.0885311871227366,3.4599999999999995,4.3070539419087135
2024-09-09,European League A in Israel,2024-07-06,Israel,Italy,66,14,1567,1891,-324,0.10124333925399645,0.17939609236234458,0.7193605683836589,9.87719298245614,5.574257425742575,1.3901234567901235
2024-09-09,European League B in Montenegro,2024-07-06,Montenegro,Wales,71,44,1555,1684,-129,0.2293488824101069,0.2915451895043732,0.47910592808551994,4.360169491525424,3.4299999999999997,2.0872210953346855
2024-09-09,European League B in Norway,2024-07-06,Norway,Austria,37,15,1734,1876,-142,0.2293488824101069,0.2915451895043732,0.47910592808551994,4.360169491525424,3.4299999999999997,2.0872210953346855
2024-09-09,European League B in Slovenia,2024-07-06,Slovenia,Kazakhstan,29,92,1771,1453,318,0.7140319715808171,0.18650088809946713,0.0994671403197158,1.4004975124378107,5.361904761904762,10.053571428571429
2024-09-09,European League B in Turkey,2024-07-06,Turkey,Iceland,22,68,1805,1562,243,0.6096605744125326,0.2362924281984334,0.15404699738903394,1.640256959314775,4.232044198895028,6.491525423728814
2024-09-09,European League C in Cyprus,2024-07-06,Cyprus,Kosovo,138,81,1315,1505,-190,0.1875,0.25646551724137934,0.5560344827586207,5.333333333333333,3.8991596638655457,1.7984496124031009
2024-09-09,European League C in Romania,2024-07-06,Romania,Lithuania,45,117,1682,1356,326,0.7140319715808171,0.18650088809946713,0.0994671403197158,1.4004975124378107,5.361904761904762,10.053571428571429
2024-09-09,CONCACAF League A in Guadeloupe,2024-07-06,Guadeloupe,Suriname,130,135,1327,1319,8,0.376139188069594,0.3115161557580779,0.3123446561723281,2.6585903083700444,3.210106382978723,3.2015915119363396
2024-09-09,CONCACAF League A in Guatemala,2024-07-06,Guatemala,Costa Rica,86,49,1485,1661,-176,0.1875,0.25646551724137934,0.5560344827586207,5.333333333333333,3.8991596638655457,1.7984496124031009
2024-09-09,CONCACAF League A in Martinique,2024-07-06,Martinique,Guyana,95,146,1437,1274,163,0.5538954108858057,0.25933831376734257,0.18676627534685167,1.8053949903660886,3.8559670781893005,5.354285714285714
2024-09-09,CONCACAF League B in Aruba,2024-07-06,Aruba,Puerto Rico,189,165,992,1148,-156,0.1875,0.25646551724137934,0.5560344827586207,5.333333333333333,3.8991596638655457,1.7984496124031009
2024-09-09,CONCACAF League B in Curaçao,2024-07-06,Curaçao,Saint Martin,118,194,1355,942,413,0.7701863354037267,0.18633540372670807,0.043478260869565216,1.2983870967741935,5.366666666666667,23.0
2024-09-09,CONCACAF League B in Grenada,2024-07-06,Grenada,Saint Lucia,175,174,1083,1084,-1,0.3103161397670549,0.3136439267886855,0.37603993344425957,3.222520107238606,3.1883289124668437,2.65929203539823
2024-09-09,CONCACAF League B in Haiti,2024-07-06,Haiti,Sint Maarten,82,204,1502,855,647,0.9368421052631579,0.06315789473684211,0.0,1.0674157303370786,15.833333333333332,inf
2024-09-10,World Cup qualifier in Bahrain,2024-07-06,Bahrain,Japan,92,17,1453,1856,-403,0.04,0.18769230769230769,0.7723076923076924,25.0,5.327868852459017,1.294820717131474
2024-09-10,World Cup qualifier in China,2024-07-06,China,Saudi Arabia,107,63,1396,1587,-191,0.1875,0.25646551724137934,0.5560344827586207,5.333333333333333,3.8991596638655457,1.7984496124031009
2024-09-10,World Cup qualifier in Indonesia,2024-07-06,Indonesia,Australia,129,27,1330,1774,-444,0.04,0.18769230769230769,0.7723076923076924,25.0,5.327868852459017,1.294820717131474
2024-09-10,World Cup qualifier in Kuwait,2024-07-06,Kuwait,Iraq,127,51,1334,1660,-326,0.10124333925399645,0.17939609236234458,0.7193605683836589,9.87719298245614,5.574257425742575,1.3901234567901235
2024-09-10,World Cup qualifier in North Korea,2024-07-06,North Korea,Qatar,108,55,1395,1631,-236,0.15625,0.23567708333333334,0.6080729166666666,6.4,4.2430939226519335,1.644539614561028
2024-09-10,World Cup qualifier in Oman,2024-07-06,Oman,South Korea,76,35,1529,1738,-209,0.15625,0.23567708333333334,0.6080729166666666,6.4,4.2430939226519335,1.644539614561028
2024-09-10,World Cup qualifier in Palestine,2024-07-06,Palestine,Jordan,103,53,1406,1635,-229,0.15625,0.23567708333333334,0.6080729166666666,6.4,4.2430939226519335,1.644539614561028
2024-09-10,World Cup qualifier in UAE,2024-07-06,United Arab Emirates,Iran,83,21,1501,1807,-306,0.10124333925399645,0.17939609236234458,0.7193605683836589,9.87719298245614,5.574257425742575,1.3901234567901235
2024-09-10,Asian Cup qualifier in Cambodia,2024-07-06,Cambodia,Sri Lanka,205,220,842,688,154,0.5538954108858057,0.25933831376734257,0.18676627534685167,1.8053949903660886,3.8559670781893005,5.354285714285714
2024-09-10,Asian Cup qualifier in Macao,2024-07-06,Macao,Brunei,225,228,665,640,25,0.376139188069594,0.3115161557580779,0.3123446561723281,2.6585903083700444,3.210106382978723,3.2015915119363396
2024-09-10,Asian Cup qualifier in Mongolia,2024-07-06,Mongolia,East Timor,210,231,790,610,180,0.5538954108858057,0.25933831376734257,0.18676627534685167,1.8053949903660886,3.8559670781893005,5.354285714285714
2024-09-10,European League A in Hungary,2024-07-06,Hungary,Bosnia/Herzegovina,23,89,1801,1476,325,0.7140319715808171,0.18650088809946713,0.0994671403197158,1.4004975124378107,5.361904761904762,10.053571428571429
2024-09-10,European League A in the Netherlands,2024-07-06,Netherlands,Germany,7,10,1989,1934,55,0.4188963210702341,0.2842809364548495,0.2968227424749164,2.3872255489021956,3.51764705882353,3.3690140845070418
2024-09-10,European League B in Albania,2024-07-06,Albania,Georgia,55,42,1631,1704,-73,0.2950955943474647,0.28345802161263506,0.42144638403990026,3.388732394366197,3.5278592375366573,2.3727810650887573
2024-09-10,European League B in Czechia,2024-07-06,Czechia,Ukraine,38,19,1732,1816,-84,0.2950955943474647,0.28345802161263506,0.42144638403990026,3.388732394366197,3.5278592375366573,2.3727810650887573
2024-09-10,European League B in England,2024-07-06,England,Finland,8,57,1971,1627,344,0.7140319715808171,0.18650088809946713,0.0994671403197158,1.4004975124378107,5.361904761904762,10.053571428571429
2024-09-10,European League B in Ireland,2024-07-06,Ireland,Greece,59,34,1619,1739,-120,0.2293488824101069,0.2915451895043732,0.47910592808551994,4.360169491525424,3.4299999999999997,2.0872210953346855
2024-09-10,European League C in Latvia,2024-07-06,Latvia,Faroe Islands,134,152,1321,1246,75,0.4188963210702341,0.2842809364548495,0.2968227424749164,2.3872255489021956,3.51764705882353,3.3690140845070418
2024-09-10,European League C in North Macedonia,2024-07-06,North Macedonia,Armenia,74,90,1547,1462,85,0.4188963210702341,0.2842809364548495,0.2968227424749164,2.3872255489021956,3.51764705882353,3.3690140845070418
2024-09-10,European League D in Andorra,2024-07-06,Andorra,Malta,170,151,1110,1257,-147,0.2293488824101069,0.2915451895043732,0.47910592808551994,4.360169491525424,3.4299999999999997,2.0872210953346855
2024-09-10,Friendly in the United States,2024-07-06,Canada,Mexico,31,25,1747,1785,-38,0.3103161397670549,0.3136439267886855,0.37603993344425957,3.222520107238606,3.1883289124668437,2.65929203539823
2024-09-10,Friendly in the United States,2024-07-06,United States,New Zealand,31,65,1747,1571,176,0.5538954108858057,0.25933831376734257,0.18676627534685167,1.8053949903660886,3.8559670781893005,5.354285714285714
2024-09-10,Friendly in Moldova,2024-07-06,Moldova,San Marino,120,212,1350,774,576,0.8629032258064516,0.08064516129032258,0.056451612903225805,1.158878504672897,12.4,17.714285714285715
2024-09-10,World Cup qualifier in Chile,2024-07-06,Chile,Bolivia,40,73,1723,1551,172,0.5538954108858057,0.25933831376734257,0.18676627534685167,1.8053949903660886,3.8559670781893005,5.354285714285714
2024-09-10,World Cup qualifier in Colombia,2024-07-06,Colombia,Argentina,4,1,2030,2142,-112,0.2293488824101069,0.2915451895043732,0.47910592808551994,4.360169491525424,3.4299999999999997,2.0872210953346855
2024-09-10,World Cup qualifier in Ecuador,2024-07-06,Ecuador,Peru,16,41,1871,1710,161,0.5538954108858057,0.25933831376734257,0.18676627534685167,1.8053949903660886,3.8559670781893005,5.354285714285714
2024-09-10,World Cup qualifier in Paraguay,2024-07-06,Paraguay,Brazil,49,6,1661,2021,-360,0.07956989247311828,0.16989247311827957,0.7505376344086021,12.567567567567567,5.886075949367089,1.332378223495702
2024-09-10,World Cup qualifier in Venezuela,2024-07-06,Venezuela,Uruguay,18,5,1820,2027,-207,0.15625,0.23567708333333334,0.6080729166666666,6.4,4.2430939226519335,1.644539614561028
2024-09-10,CONCACAF League A in Cuba,2024-07-06,Cuba,Nicaragua,141,122,1295,1349,-54,0.2950955943474647,0.28345802161263506,0.42144638403990026,3.388732394366197,3.5278592375366573,2.3727810650887573
2024-09-10,CONCACAF League A in Honduras,2024-07-06,Honduras,Jamaica,79,61,1511,1589,-78,0.2950955943474647,0.28345802161263506,0.42144638403990026,3.388732394366197,3.5278592375366573,2.3727810650887573
2024-09-10,CONCACAF League A in Trinidad & Tobago,2024-07-06,Trinidad and Tobago,French Guiana,102,143,1413,1288,125,0.47880539499036606,0.28901734104046245,0.2321772639691715,2.0885311871227366,3.4599999999999995,4.3070539419087135
2024-09-10,CONCACAF League B in Antigua & Barbuda,2024-07-06,Antigua and Barbuda,Bermuda,190,168,988,1126,-138,0.2293488824101069,0.2915451895043732,0.47910592808551994,4.360169491525424,3.4299999999999997,2.0872210953346855
2024-09-10,CONCACAF League B in the Dominican Rep,2024-07-06,Dominican Republic,Dominica,159,186,1208,1008,200,0.6096605744125326,0.2362924281984334,0.15404699738903394,1.640256959314775,4.232044198895028,6.491525423728814
2024-09-10,CONCACAF League C in Barbados,2024-07-06,Barbados,US Virgin Islands,195,230,930,618,312,0.7140319715808171,0.18650088809946713,0.0994671403197158,1.4004975124378107,5.361904761904762,10.053571428571429
2024-09-10,CONCACAF League C in Belize,2024-07-06,Belize,Anguilla,182,233,1039,599,440,0.7701863354037267,0.18633540372670807,0.043478260869565216,1.2983870967741935,5.366666666666667,23.0
2024-09-10,CONCACAF League C in St Kitts and Nevis,2024-07-06,Saint Kitts and Nevis,British Virgin Islands,176,227,1082,651,431,0.7701863354037267,0.18633540372670807,0.043478260869565216,1.2983870967741935,5.366666666666667,23.0
2024-09-14,SE Asian Champ qual in Brunei,2024-07-06,Brunei,East Timor,228,231,640,610,30,0.376139188069594,0.3115161557580779,0.3123446561723281,2.6585903083700444,3.210106382978723,3.2015915119363396
2024-09-21,SE Asian Champ qual in East Timor,2024-07-06,East Timor,Brunei,231,228,610,640,-30,0.3103161397670549,0.3136439267886855,0.37603993344425957,3.222520107238606,3.1883289124668437,2.65929203539823
2024-10-09,Friendly tournament in Vietnam,2024-07-06,Vietnam,India,149,162,1270,1194,76,0.4188963210702341,0.2842809364548495,0.2968227424749164,2.3872255489021956,3.51764705882353,3.3690140845070418
2024-10-09,CONCACAF League C in the Bahamas,2024-07-06,Bahamas,US Virgin Islands,209,230,810,618,192,0.5538954108858057,0.25933831376734257,0.18676627534685167,1.8053949903660886,3.8559670781893005,5.354285714285714
2024-10-09,CONCACAF League C in the Cayman Islands,2024-07-06,Cayman Islands,British Virgin Islands,207,227,825,651,174,0.5538954108858057,0.25933831376734257,0.18676627534685167,1.8053949903660886,3.8559670781893005,5.354285714285714
2024-10-09,CONCACAF League C in Turks and Caicos,2024-07-06,Turks and Caicos,Anguilla,219,233,690,599,91,0.4188963210702341,0.2842809364548495,0.2968227424749164,2.3872255489021956,3.51764705882353,3.3690140845070418
2024-10-10,World Cup qualifier in Australia,2024-07-06,Australia,China,27,107,1774,1396,378,0.7521367521367521,0.16666666666666666,0.0811965811965812,1.3295454545454546,6.0,12.31578947368421
2024-10-10,World Cup qualifier in Bahrain,2024-07-06,Bahrain,Indonesia,92,129,1453,1330,123,0.47880539499036606,0.28901734104046245,0.2321772639691715,2.0885311871227366,3.4599999999999995,4.3070539419087135
2024-10-10,World Cup qualifier in Iraq,2024-07-06,Iraq,Palestine,51,103,1660,1406,254,0.6589861751152074,0.22580645161290322,0.1152073732718894,1.5174825174825175,4.428571428571429,8.68
2024-10-10,World Cup qualifier in Jordan,2024-07-06,Jordan,South Korea,53,35,1635,1738,-103,0.2293488824101069,0.2915451895043732,0.47910592808551994,4.360169491525424,3.4299999999999997,2.0872210953346855
2024-10-10,World Cup qualifier in Oman,2024-07-06,Oman,Kuwait,76,127,1529,1334,195,0.5538954108858057,0.25933831376734257,0.18676627534685167,1.8053949903660886,3.8559670781893005,5.354285714285714
2024-10-10,World Cup qualifier in Qatar,2024-07-06,Qatar,Kyrgyzstan,55,145,1631,1279,352,0.7521367521367521,0.16666666666666666,0.0811965811965812,1.3295454545454546,6.0,12.31578947368421
2024-10-10,World Cup qualifier in Saudi Arabia,2024-07-06,Saudi Arabia,Japan,63,17,1587,1856,-269,0.1140215716486903,0.23112480739599384,0.6548536209553159,8.77027027027027,4.326666666666667,1.5270588235294118
2024-10-10,World Cup qualifier in UAE,2024-07-06,United Arab Emirates,North Korea,83,108,1501,1395,106,0.47880539499036606,0.28901734104046245,0.2321772639691715,2.0885311871227366,3.4599999999999995,4.3070539419087135
2024-10-10,World Cup qualifier in Uzbekistan,2024-07-06,Uzbekistan,Iran,46,21,1680,1807,-127,0.2293488824101069,0.2915451895043732,0.47910592808551994,4.360169491525424,3.4299999999999997,2.0872210953346855
2024-10-10,European League A in Israel,2024-07-06,Israel,France,66,3,1567,2069,-502,0.041025641025641026,0.06153846153846154,0.8974358974358975,24.375,16.25,1.1142857142857143
2024-10-10,European League A in Italy,2024-07-06,Italy,Belgium,14,10,1891,1934,-43,0.3103161397670549,0.3136439267886855,0.37603993344425957,3.222520107238606,3.1883289124668437,2.65929203539823
2024-10-10,European League B in Austria,2024-07-06,Austria,Kazakhstan,15,92,1876,1453,423,0.7701863354037267,0.18633540372670807,0.043478260869565216,1.2983870967741935,5.366666666666667,23.0
2024-10-10,European League B in England,2024-07-06,England,Greece,8,34,1971,1739,232,0.6096605744125326,0.2362924281984334,0.15404699738903394,1.640256959314775,4.232044198895028,6.491525423728814
2024-10-10,European League B in Finland,2024-07-06,Finland,Ireland,57,59,1627,1619,8,0.376139188069594,0.3115161557580779,0.3123446561723281,2.6585903083700444,3.210106382978723,3.2015915119363396
2024-10-10,European League B in Norway,2024-07-06,Norway,Slovenia,37,29,1734,1771,-37,0.3103161397670549,0.3136439267886855,0.37603993344425957,3.222520107238606,3.1883289124668437,2.65929203539823
2024-10-10,European League C in the Faroe Islands,2024-07-06,Faroe Islands,Armenia,152,90,1246,1462,-216,0.15625,0.23567708333333334,0.6080729166666666,6.4,4.2430939226519335,1.644539614561028
2024-10-10,European League C in Latvia,2024-07-06,Latvia,North Macedonia,134,74,1321,1547,-226,0.15625,0.23567708333333334,0.6080729166666666,6.4,4.2430939226519335,1.644539614561028
2024-10-10,European League D in Gibraltar,2024-07-06,Gibraltar,San Marino,180,212,1057,774,283,0.6589861751152074,0.22580645161290322,0.1152073732718894,1.5174825174825175,4.428571428571429,8.68
2024-10-10,European League D in Moldova,2024-07-06,Moldova,Andorra,120,170,1350,1110,240,0.6096605744125326,0.2362924281984334,0.15404699738903394,1.640256959314775,4.232044198895028,6.491525423728814
2024-10-10,Friendly in Liechtenstein,2024-07-06,Liechtenstein,Hong Kong,191,179,968,1068,-100,0.2950955943474647,0.28345802161263506,0.42144638403990026,3.388732394366197,3.5278592375366573,2.3727810650887573
2024-10-10,World Cup qualifier in Bolivia,2024-07-06,Bolivia,Colombia,73,4,1551,2030,-479,0.02608695652173913,0.13478260869565217,0.8391304347826087,38.333333333333336,7.419354838709677,1.1917098445595855
2024-10-10,World Cup qualifier in Chile,2024-07-06,Chile,Brazil,40,6,1723,2021,-298,0.1140215716486903,0.23112480739599384,0.6548536209553159,8.77027027027027,4.326666666666667,1.5270588235294118
2024-10-10,World Cup qualifier in Ecuador,2024-07-06,Ecuador,Paraguay,16,49,1871,1661,210,0.6096605744125326,0.2362924281984334,0.15404699738903394,1.640256959314775,4.232044198895028,6.491525423728814
2024-10-10,World Cup qualifier in Peru,2024-07-06,Peru,Uruguay,41,5,1710,2027,-317,0.10124333925399645,0.17939609236234458,0.7193605683836589,9.87719298245614,5.574257425742575,1.3901234567901235
2024-10-10,World Cup qualifier in Venezuela,2024-07-06,Venezuela,Argentina,18,1,1820,2142,-322,0.10124333925399645,0.17939609236234458,0.7193605683836589,9.87719298245614,5.574257425742575,1.3901234567901235
2024-10-10,CONCACAF League A in Cuba,2024-07-06,Cuba,Trinidad and Tobago,141,102,1295,1413,-118,0.2293488824101069,0.2915451895043732,0.47910592808551994,4.360169491525424,3.4299999999999997,2.0872210953346855
2024-10-10,CONCACAF League A in French Guiana,2024-07-06,French Guiana,Honduras,143,79,1288,1511,-223,0.15625,0.23567708333333334,0.6080729166666666,6.4,4.2430939226519335,1.644539614561028
2024-10-10,CONCACAF League A in Nicaragua,2024-07-06,Nicaragua,Jamaica,122,61,1349,1589,-240,0.15625,0.23567708333333334,0.6080729166666666,6.4,4.2430939226519335,1.644539614561028
2024-10-10,CONCACAF League B in Bonaire,2024-07-06,Bonaire,Montserrat,206,185,827,1015,-188,0.1875,0.25646551724137934,0.5560344827586207,5.333333333333333,3.8991596638655457,1.7984496124031009
2024-10-10,CONCACAF League B in St Vincent/Gren,2024-07-06,St Vincent/Gren,El Salvador,178,110,1071,1389,-318,0.10124333925399645,0.17939609236234458,0.7193605683836589,9.87719298245614,5.574257425742575,1.3901234567901235
2024-10-11,European League A in Bosnia/Herzeg,2024-07-06,Bosnia/Herzegovina,Germany,89,10,1476,1934,-458,0.02608695652173913,0.13478260869565217,0.8391304347826087,38.333333333333336,7.419354838709677,1.1917098445595855
2024-10-11,European League A in Hungary,2024-07-06,Hungary,Netherlands,23,7,1801,1989,-188,0.1875,0.25646551724137934,0.5560344827586207,5.333333333333333,3.8991596638655457,1.7984496124031009
2024-10-11,European League B in Czechia,2024-07-06,Czechia,Albania,38,55,1732,1631,101,0.47880539499036606,0.28901734104046245,0.2321772639691715,2.0885311871227366,3.4599999999999995,4.3070539419087135
2024-10-11,European League B in Iceland,2024-07-06,Iceland,Wales,68,44,1562,1684,-122,0.2293488824101069,0.2915451895043732,0.47910592808551994,4.360169491525424,3.4299999999999997,2.0872210953346855
2024-10-11,European League B in Turkey,2024-07-06,Turkey,Montenegro,22,71,1805,1555,250,0.6589861751152074,0.22580645161290322,0.1152073732718894,1.5174825174825175,4.428571428571429,8.68
2024-10-11,European League B in Ukraine,2024-07-06,Ukraine,Georgia,19,42,1816,1704,112,0.47880539499036606,0.28901734104046245,0.2321772639691715,2.0885311871227366,3.4599999999999995,4.3070539419087135
2024-10-11,European League C in Estonia,2024-07-06,Estonia,Azerbaijan,113,84,1371,1493,-122,0.2293488824101069,0.2915451895043732,0.47910592808551994,4.360169491525424,3.4299999999999997,2.0872210953346855
2024-10-11,European League C in Slovakia,2024-07-06,Slovakia,Sweden,43,47,1685,1675,10,0.376139188069594,0.3115161557580779,0.3123446561723281,2.6585903083700444,3.210106382978723,3.2015915119363396
2024-10-11,CONCACAF League A in Guadeloupe,2024-07-06,Guadeloupe,Martinique,130,95,1327,1437,-110,0.2293488824101069,0.2915451895043732,0.47910592808551994,4.360169491525424,3.4299999999999997,2.0872210953346855
2024-10-11,CONCACAF League A in Guyana,2024-07-06,Guyana,Guatemala,146,86,1274,1485,-211,0.15625,0.23567708333333334,0.6080729166666666,6.4,4.2430939226519335,1.644539614561028
2024-10-11,CONCACAF League A in Suriname,2024-07-06,Suriname,Costa Rica,135,49,1319,1661,-342,0.10124333925399645,0.17939609236234458,0.7193605683836589,9.87719298245614,5.574257425742575,1.3901234567901235
2024-10-11,CONCACAF League B in Aruba,2024-07-06,Aruba,Haiti,189,82,992,1502,-510,0.041025641025641026,0.06153846153846154,0.8974358974358975,24.375,16.25,1.1142857142857143
2024-10-11,CONCACAF League B in Grenada,2024-07-06,Grenada,Curaçao,175,118,1083,1355,-272,0.1140215716486903,0.23112480739599384,0.6548536209553159,8.77027027027027,4.326666666666667,1.5270588235294118
2024-10-11,CONCACAF League B in Sint Maarten,2024-07-06,Sint Maarten,Puerto Rico,204,165,855,1148,-293,0.1140215716486903,0.23112480739599384,0.6548536209553159,8.77027027027027,4.326666666666667,1.5270588235294118
2024-10-11,CONCACAF League B in Saint Martin,2024-07-06,Saint Martin,Saint Lucia,194,174,942,1084,-142,0.2293488824101069,0.2915451895043732,0.47910592808551994,4.360169491525424,3.4299999999999997,2.0872210953346855
2024-10-12,European League A in Croatia,2024-07-06,Croatia,Scotland,12,36,1916,1735,181,0.5538954108858057,0.25933831376734257,0.18676627534685167,1.8053949903660886,3.8559670781893005,5.354285714285714
2024-10-12,European League A in Poland,2024-07-06,Poland,Portugal,39,9,1730,1960,-230,0.15625,0.23567708333333334,0.6080729166666666,6.4,4.2430939226519335,1.644539614561028
2024-10-12,European League A in Serbia,2024-07-06,Serbia,Switzerland,24,13,1789,1904,-115,0.2293488824101069,0.2915451895043732,0.47910592808551994,4.360169491525424,3.4299999999999997,2.0872210953346855
2024-10-12,European League A in Spain,2024-07-06,Spain,Denmark,2,19,2112,1816,296,0.6589861751152074,0.22580645161290322,0.1152073732718894,1.5174825174825175,4.428571428571429,8.68
2024-10-12,European League C in Belarus,2024-07-06,Belarus,Northern Ireland,96,78,1433,1518,-85,0.2950955943474647,0.28345802161263506,0.42144638403990026,3.388732394366197,3.5278592375366573,2.3727810650887573
2024-10-12,European League C in Bulgaria,2024-07-06,Bulgaria,Luxembourg,85,79,1488,1511,-23,0.3103161397670549,0.3136439267886855,0.37603993344425957,3.222520107238606,3.1883289124668437,2.65929203539823
2024-10-12,European League C in Cyprus,2024-07-06,Cyprus,Romania,138,45,1315,1682,-367,0.07956989247311828,0.16989247311827957,0.7505376344086021,12.567567567567567,5.886075949367089,1.332378223495702
2024-10-12,European League C in Lithuania,2024-07-06,Lithuania,Kosovo,117,81,1356,1505,-149,0.2293488824101069,0.2915451895043732,0.47910592808551994,4.360169491525424,3.4299999999999997,2.0872210953346855
2024-10-12,Friendly tournament in Vietnam,2024-07-06,India,Lebanon,162,140,1194,1297,-103,0.2293488824101069,0.2915451895043732,0.47910592808551994,4.360169491525424,3.4299999999999997,2.0872210953346855
2024-10-12,Friendly in the United States,2024-07-06,United States,Panama,31,31,1747,1747,0,0.376139188069594,0.3115161557580779,0.3123446561723281,2.6585903083700444,3.210106382978723,3.2015915119363396
2024-10-12,CONCACAF League B in Antigua & Barbuda,2024-07-06,Antigua and Barbuda,Dominican Republic,190,159,988,1208,-220,0.15625,0.23567708333333334,0.6080729166666666,6.4,4.2430939226519335,1.644539614561028
2024-10-12,CONCACAF League B in Dominica,2024-07-06,Dominica,Bermuda,186,168,1008,1126,-118,0.2293488824101069,0.2915451895043732,0.47910592808551994,4.360169491525424,3.4299999999999997,2.0872210953346855
2024-10-12,CONCACAF League C in Anguilla,2024-07-06,Anguilla,Belize,233,182,599,1039,-440,0.04,0.18769230769230769,0.7723076923076924,25.0,5.327868852459017,1.294820717131474
2024-10-12,CONCACAF League C in the Br Virgin Islands,2024-07-06,British Virgin Islands,Saint Kitts and Nevis,227,176,651,1082,-431,0.04,0.18769230769230769,0.7723076923076924,25.0,5.327868852459017,1.294820717131474
2024-10-12,CONCACAF League C in the US Virgin Isl,2024-07-06,US Virgin Islands,Barbados,230,195,618,930,-312,0.10124333925399645,0.17939609236234458,0.7193605683836589,9.87719298245614,5.574257425742575,1.3901234567901235
2024-10-13,European League B in Austria,2024-07-06,Austria,Norway,15,37,1876,1734,142,0.47880539499036606,0.28901734104046245,0.2321772639691715,2.0885311871227366,3.4599999999999995,4.3070539419087135
2024-10-13,European League B in Finland,2024-07-06,Finland,England,57,8,1627,1971,-344,0.10124333925399645,0.17939609236234458,0.7193605683836589,9.87719298245614,5.574257425742575,1.3901234567901235
2024-10-13,European League B in Greece,2024-07-06,Greece,Ireland,34,59,1739,1619,120,0.47880539499036606,0.28901734104046245,0.2321772639691715,2.0885311871227366,3.4599999999999995,4.3070539419087135
2024-10-13,European League B in Kazakhstan,2024-07-06,Kazakhstan,Slovenia,92,29,1453,1771,-318,0.10124333925399645,0.17939609236234458,0.7193605683836589,9.87719298245614,5.574257425742575,1.3901234567901235
2024-10-13,European League C in Armenia,2024-07-06,Armenia,North Macedonia,90,74,1462,1547,-85,0.2950955943474647,0.28345802161263506,0.42144638403990026,3.388732394366197,3.5278592375366573,2.3727810650887573
2024-10-13,European League C in the Faroe Islands,2024-07-06,Faroe Islands,Latvia,152,134,1246,1321,-75,0.2950955943474647,0.28345802161263506,0.42144638403990026,3.388732394366197,3.5278592375366573,2.3727810650887573
2024-10-13,European League D in Liechtenstein,2024-07-06,Liechtenstein,Gibraltar,191,180,968,1057,-89,0.2950955943474647,0.28345802161263506,0.42144638403990026,3.388732394366197,3.5278592375366573,2.3727810650887573
2024-10-13,European League D in Malta,2024-07-06,Malta,Moldova,151,120,1257,1350,-93,0.2950955943474647,0.28345802161263506,0.42144638403990026,3.388732394366197,3.5278592375366573,2.3727810650887573
2024-10-13,CONCACAF League B in El Salvador,2024-07-06,El Salvador,St Vincent/Gren,110,178,1389,1071,318,0.7140319715808171,0.18650088809946713,0.0994671403197158,1.4004975124378107,5.361904761904762,10.053571428571429
2024-10-13,CONCACAF League B in Montserrat,2024-07-06,Montserrat,Bonaire,185,206,1015,827,188,0.5538954108858057,0.25933831376734257,0.18676627534685167,1.8053949903660886,3.8559670781893005,5.354285714285714
2024-10-14,European League A in Belgium,2024-07-06,Belgium,France,10,3,1934,2069,-135,0.2293488824101069,0.2915451895043732,0.47910592808551994,4.360169491525424,3.4299999999999997,2.0872210953346855
2024-10-14,European League A in Bosnia/Herzeg,2024-07-06,Bosnia/Herzegovina,Hungary,89,23,1476,1801,-325,0.10124333925399645,0.17939609236234458,0.7193605683836589,9.87719298245614,5.574257425742575,1.3901234567901235
2024-10-14,European League A in Germany,2024-07-06,Germany,Netherlands,10,7,1934,1989,-55,0.2950955943474647,0.28345802161263506,0.42144638403990026,3.388732394366197,3.5278592375366573,2.3727810650887573
2024-10-14,European League A in Italy,2024-07-06,Italy,Israel,14,66,1891,1567,324,0.7140319715808171,0.18650088809946713,0.0994671403197158,1.4004975124378107,5.361904761904762,10.053571428571429
2024-10-14,European League B in Georgia,2024-07-06,Georgia,Albania,42,55,1704,1631,73,0.4188963210702341,0.2842809364548495,0.2968227424749164,2.3872255489021956,3.51764705882353,3.3690140845070418
2024-10-14,European League B in Iceland,2024-07-06,Iceland,Turkey,68,22,1562,1805,-243,0.15625,0.23567708333333334,0.6080729166666666,6.4,4.2430939226519335,1.644539614561028
2024-10-14,European League B in Ukraine,2024-07-06,Ukraine,Czechia,19,38,1816,1732,84,0.4188963210702341,0.2842809364548495,0.2968227424749164,2.3872255489021956,3.51764705882353,3.3690140845070418
2024-10-14,European League B in Wales,2024-07-06,Wales,Montenegro,44,71,1684,1555,129,0.47880539499036606,0.28901734104046245,0.2321772639691715,2.0885311871227366,3.4599999999999995,4.3070539419087135
2024-10-14,European League C in Azerbaijan,2024-07-06,Azerbaijan,Slovakia,84,43,1493,1685,-192,0.1875,0.25646551724137934,0.5560344827586207,5.333333333333333,3.8991596638655457,1.7984496124031009
2024-10-14,European League C in Estonia,2024-07-06,Estonia,Sweden,113,47,1371,1675,-304,0.10124333925399645,0.17939609236234458,0.7193605683836589,9.87719298245614,5.574257425742575,1.3901234567901235
2024-10-14,CONCACAF League A in Jamaica,2024-07-06,Jamaica,Honduras,61,79,1589,1511,78,0.4188963210702341,0.2842809364548495,0.2968227424749164,2.3872255489021956,3.51764705882353,3.3690140845070418
2024-10-14,CONCACAF League A in Nicaragua,2024-07-06,Nicaragua,French Guiana,122,143,1349,1288,61,0.4188963210702341,0.2842809364548495,0.2968227424749164,2.3872255489021956,3.51764705882353,3.3690140845070418
2024-10-14,CONCACAF League A in Trinidad & Tobago,2024-07-06,Trinidad and Tobago,Cuba,102,141,1413,1295,118,0.47880539499036606,0.28901734104046245,0.2321772639691715,2.0885311871227366,3.4599999999999995,4.3070539419087135
2024-10-14,CONCACAF League B in Curaçao,2024-07-06,Curaçao,Grenada,118,175,1355,1083,272,0.6589861751152074,0.22580645161290322,0.1152073732718894,1.5174825174825175,4.428571428571429,8.68
2024-10-14,CONCACAF League B in Haiti,2024-07-06,Haiti,Aruba,82,189,1502,992,510,0.8936170212765957,0.06382978723404255,0.0425531914893617,1.119047619047619,15.666666666666668,23.5
2024-10-14,CONCACAF League B in Puerto Rico,2024-07-06,Puerto Rico,Sint Maarten,165,204,1148,855,293,0.6589861751152074,0.22580645161290322,0.1152073732718894,1.5174825174825175,4.428571428571429,8.68
2024-10-14,CONCACAF League B in Saint Lucia,2024-07-06,Saint Lucia,Saint Martin,174,194,1084,942,142,0.47880539499036606,0.28901734104046245,0.2321772639691715,2.0885311871227366,3.4599999999999995,4.3070539419087135
2024-10-15,World Cup qualifier in China,2024-07-06,China,Indonesia,107,129,1396,1330,66,0.4188963210702341,0.2842809364548495,0.2968227424749164,2.3872255489021956,3.51764705882353,3.3690140845070418
2024-10-15,World Cup qualifier in Iran,2024-07-06,Iran,Qatar,21,55,1807,1631,176,0.5538954108858057,0.25933831376734257,0.18676627534685167,1.8053949903660886,3.8559670781893005,5.354285714285714
2024-10-15,World Cup qualifier in Japan,2024-07-06,Japan,Australia,17,27,1856,1774,82,0.4188963210702341,0.2842809364548495,0.2968227424749164,2.3872255489021956,3.51764705882353,3.3690140845070418
2024-10-15,World Cup qualifier in Jordan,2024-07-06,Jordan,Oman,53,76,1635,1529,106,0.47880539499036606,0.28901734104046245,0.2321772639691715,2.0885311871227366,3.4599999999999995,4.3070539419087135
2024-10-15,World Cup qualifier in Kyrgyzstan,2024-07-06,Kyrgyzstan,North Korea,145,108,1279,1395,-116,0.2293488824101069,0.2915451895043732,0.47910592808551994,4.360169491525424,3.4299999999999997,2.0872210953346855
2024-10-15,World Cup qualifier in Palestine,2024-07-06,Palestine,Kuwait,103,127,1406,1334,72,0.4188963210702341,0.2842809364548495,0.2968227424749164,2.3872255489021956,3.51764705882353,3.3690140845070418
2024-10-15,World Cup qualifier in Saudi Arabia,2024-07-06,Saudi Arabia,Bahrain,63,92,1587,1453,134,0.47880539499036606,0.28901734104046245,0.2321772639691715,2.0885311871227366,3.4599999999999995,4.3070539419087135
2024-10-15,World Cup qualifier in South Korea,2024-07-06,South Korea,Iraq,35,51,1738,1660,78,0.4188963210702341,0.2842809364548495,0.2968227424749164,2.3872255489021956,3.51764705882353,3.3690140845070418
2024-10-15,World Cup qualifier in Uzbekistan,2024-07-06,Uzbekistan,United Arab Emirates,46,83,1680,1501,179,0.5538954108858057,0.25933831376734257,0.18676627534685167,1.8053949903660886,3.8559670781893005,5.354285714285714
2024-10-15,European League A in Poland,2024-07-06,Poland,Croatia,39,12,1730,1916,-186,0.1875,0.25646551724137934,0.5560344827586207,5.333333333333333,3.8991596638655457,1.7984496124031009
2024-10-15,European League A in Scotland,2024-07-06,Scotland,Portugal,36,9,1735,1960,-225,0.15625,0.23567708333333334,0.6080729166666666,6.4,4.2430939226519335,1.644539614561028
2024-10-15,European League A in Spain,2024-07-06,Spain,Serbia,2,24,2112,1789,323,0.7140319715808171,0.18650088809946713,0.0994671403197158,1.4004975124378107,5.361904761904762,10.053571428571429
2024-10-15,European League A in Switzerland,2024-07-06,Switzerland,Denmark,13,19,1904,1816,88,0.4188963210702341,0.2842809364548495,0.2968227424749164,2.3872255489021956,3.51764705882353,3.3690140845070418
2024-10-15,European League C in Belarus,2024-07-06,Belarus,Luxembourg,96,79,1433,1511,-78,0.2950955943474647,0.28345802161263506,0.42144638403990026,3.388732394366197,3.5278592375366573,2.3727810650887573
2024-10-15,European League C in Kosovo,2024-07-06,Kosovo,Cyprus,81,138,1505,1315,190,0.5538954108858057,0.25933831376734257,0.18676627534685167,1.8053949903660886,3.8559670781893005,5.354285714285714
2024-10-15,European League C in Lithuania,2024-07-06,Lithuania,Romania,117,45,1356,1682,-326,0.10124333925399645,0.17939609236234458,0.7193605683836589,9.87719298245614,5.574257425742575,1.3901234567901235
2024-10-15,European League C in Northern Ireland,2024-07-06,Northern Ireland,Bulgaria,78,85,1518,1488,30,0.376139188069594,0.3115161557580779,0.3123446561723281,2.6585903083700444,3.210106382978723,3.2015915119363396
2024-10-15,Friendly tournament in Vietnam,2024-07-06,Vietnam,Lebanon,149,140,1270,1297,-27,0.3103161397670549,0.3136439267886855,0.37603993344425957,3.222520107238606,3.1883289124668437,2.65929203539823
2024-10-15,World Cup qualifier in Argentina,2024-07-06,Argentina,Bolivia,1,73,2142,1551,591,0.8629032258064516,0.08064516129032258,0.056451612903225805,1.158878504672897,12.4,17.714285714285715
2024-10-15,World Cup qualifier in Brazil,2024-07-06,Brazil,Peru,6,41,2021,1710,311,0.7140319715808171,0.18650088809946713,0.0994671403197158,1.4004975124378107,5.361904761904762,10.053571428571429
2024-10-15,World Cup qualifier in Colombia,2024-07-06,Colombia,Chile,4,40,2030,1723,307,0.7140319715808171,0.18650088809946713,0.0994671403197158,1.4004975124378107,5.361904761904762,10.053571428571429
2024-10-15,World Cup qualifier in Paraguay,2024-07-06,Paraguay,Venezuela,49,18,1661,1820,-159,0.1875,0.25646551724137934,0.5560344827586207,5.333333333333333,3.8991596638655457,1.7984496124031009
2024-10-15,World Cup qualifier in Uruguay,2024-07-06,Uruguay,Ecuador,5,16,2027,1871,156,0.5538954108858057,0.25933831376734257,0.18676627534685167,1.8053949903660886,3.8559670781893005,5.354285714285714
2024-10-15,CONCACAF League A in Costa Rica,2024-07-06,Costa Rica,Guatemala,49,86,1661,1485,176,0.5538954108858057,0.25933831376734257,0.18676627534685167,1.8053949903660886,3.8559670781893005,5.354285714285714
2024-10-15,CONCACAF League A in Martinique,2024-07-06,Martinique,Guadeloupe,95,130,1437,1327,110,0.47880539499036606,0.28901734104046245,0.2321772639691715,2.0885311871227366,3.4599999999999995,4.3070539419087135
2024-10-15,CONCACAF League A in Suriname,2024-07-06,Suriname,Guyana,135,146,1319,1274,45,0.376139188069594,0.3115161557580779,0.3123446561723281,2.6585903083700444,3.210106382978723,3.2015915119363396
2024-10-15,CONCACAF League B in Bermuda,2024-07-06,Bermuda,Dominica,168,186,1126,1008,118,0.47880539499036606,0.28901734104046245,0.2321772639691715,2.0885311871227366,3.4599999999999995,4.3070539419087135
2024-10-15,CONCACAF League B in the Dominican Rep,2024-07-06,Dominican Republic,Antigua and Barbuda,159,190,1208,988,220,0.6096605744125326,0.2362924281984334,0.15404699738903394,1.640256959314775,4.232044198895028,6.491525423728814
2024-10-15,CONCACAF League C in Barbados,2024-07-06,Barbados,Bahamas,195,209,930,810,120,0.47880539499036606,0.28901734104046245,0.2321772639691715,2.0885311871227366,3.4599999999999995,4.3070539419087135
2024-10-15,CONCACAF League C in Belize,2024-07-06,Belize,Turks and Caicos,182,219,1039,690,349,0.7140319715808171,0.18650088809946713,0.0994671403197158,1.4004975124378107,5.361904761904762,10.053571428571429
2024-10-15,CONCACAF League C in St Kitts and Nevis,2024-07-06,Saint Kitts and Nevis,Cayman Islands,176,207,1082,825,257,0.6589861751152074,0.22580645161290322,0.1152073732718894,1.5174825174825175,4.428571428571429,8.68
2024-11-14,World Cup qualifier in Australia,2024-07-06,Australia,Saudi Arabia,27,63,1774,1587,187,0.5538954108858057,0.25933831376734257,0.18676627534685167,1.8053949903660886,3.8559670781893005,5.354285714285714
2024-11-14,World Cup qualifier in Bahrain,2024-07-06,Bahrain,China,92,107,1453,1396,57,0.4188963210702341,0.2842809364548495,0.2968227424749164,2.3872255489021956,3.51764705882353,3.3690140845070418
2024-11-14,World Cup qualifier in Indonesia,2024-07-06,Indonesia,Japan,129,17,1330,1856,-526,0.041025641025641026,0.06153846153846154,0.8974358974358975,24.375,16.25,1.1142857142857143
2024-11-14,World Cup qualifier in Iraq,2024-07-06,Iraq,Jordan,51,53,1660,1635,25,0.376139188069594,0.3115161557580779,0.3123446561723281,2.6585903083700444,3.210106382978723,3.2015915119363396
2024-11-14,World Cup qualifier in Kuwait,2024-07-06,Kuwait,South Korea,127,35,1334,1738,-404,0.04,0.18769230769230769,0.7723076923076924,25.0,5.327868852459017,1.294820717131474
2024-11-14,World Cup qualifier in North Korea,2024-07-06,North Korea,Iran,108,21,1395,1807,-412,0.04,0.18769230769230769,0.7723076923076924,25.0,5.327868852459017,1.294820717131474
2024-11-14,World Cup qualifier in Oman,2024-07-06,Oman,Palestine,76,103,1529,1406,123,0.47880539499036606,0.28901734104046245,0.2321772639691715,2.0885311871227366,3.4599999999999995,4.3070539419087135
2024-11-14,World Cup qualifier in Qatar,2024-07-06,Qatar,Uzbekistan,55,46,1631,1680,-49,0.3103161397670549,0.3136439267886855,0.37603993344425957,3.222520107238606,3.1883289124668437,2.65929203539823
2024-11-14,World Cup qualifier in UAE,2024-07-06,United Arab Emirates,Kyrgyzstan,83,145,1501,1279,222,0.6096605744125326,0.2362924281984334,0.15404699738903394,1.640256959314775,4.232044198895028,6.491525423728814
2024-11-14,European League A in Belgium,2024-07-06,Belgium,Italy,10,14,1934,1891,43,0.376139188069594,0.3115161557580779,0.3123446561723281,2.6585903083700444,3.210106382978723,3.2015915119363396
2024-11-14,European League A in France,2024-07-06,France,Israel,3,66,2069,1567,502,0.8936170212765957,0.06382978723404255,0.0425531914893617,1.119047619047619,15.666666666666668,23.5
2024-11-14,European League B in Greece,2024-07-06,Greece,England,34,8,1739,1971,-232,0.15625,0.23567708333333334,0.6080729166666666,6.4,4.2430939226519335,1.644539614561028
2024-11-14,European League B in Ireland,2024-07-06,Ireland,Finland,59,57,1619,1627,-8,0.3103161397670549,0.3136439267886855,0.37603993344425957,3.222520107238606,3.1883289124668437,2.65929203539823
2024-11-14,European League B in Kazakhstan,2024-07-06,Kazakhstan,Austria,92,15,1453,1876,-423,0.04,0.18769230769230769,0.7723076923076924,25.0,5.327868852459017,1.294820717131474
2024-11-14,European League B in Slovenia,2024-07-06,Slovenia,Norway,29,37,1771,1734,37,0.376139188069594,0.3115161557580779,0.3123446561723281,2.6585903083700444,3.210106382978723,3.2015915119363396
2024-11-14,European League C in Armenia,2024-07-06,Armenia,Faroe Islands,90,152,1462,1246,216,0.6096605744125326,0.2362924281984334,0.15404699738903394,1.640256959314775,4.232044198895028,6.491525423728814
2024-11-14,European League C in North Macedonia,2024-07-06,North Macedonia,Latvia,74,134,1547,1321,226,0.6096605744125326,0.2362924281984334,0.15404699738903394,1.640256959314775,4.232044198895028,6.491525423728814
2024-11-14,Friendly in Malta,2024-07-06,Malta,Liechtenstein,151,191,1257,968,289,0.6589861751152074,0.22580645161290322,0.1152073732718894,1.5174825174825175,4.428571428571429,8.68
2024-11-14,World Cup qualifier in Ecuador,2024-07-06,Ecuador,Bolivia,16,73,1871,1551,320,0.7140319715808171,0.18650088809946713,0.0994671403197158,1.4004975124378107,5.361904761904762,10.053571428571429
2024-11-14,World Cup qualifier in Paraguay,2024-07-06,Paraguay,Argentina,49,1,1661,2142,-481,0.02608695652173913,0.13478260869565217,0.8391304347826087,38.333333333333336,7.419354838709677,1.1917098445595855
2024-11-14,World Cup qualifier in Peru,2024-07-06,Peru,Chile,41,40,1710,1723,-13,0.3103161397670549,0.3136439267886855,0.37603993344425957,3.222520107238606,3.1883289124668437,2.65929203539823
2024-11-14,World Cup qualifier in Uruguay,2024-07-06,Uruguay,Colombia,5,4,2027,2030,-3,0.3103161397670549,0.3136439267886855,0.37603993344425957,3.222520107238606,3.1883289124668437,2.65929203539823
2024-11-14,World Cup qualifier in Venezuela,2024-07-06,Venezuela,Brazil,18,6,1820,2021,-201,0.15625,0.23567708333333334,0.6080729166666666,6.4,4.2430939226519335,1.644539614561028
2024-11-14,CONCACAF League B in Bonaire,2024-07-06,Bonaire,El Salvador,206,110,827,1389,-562,0.058333333333333334,0.09166666666666666,0.85,17.142857142857142,10.90909090909091,1.1764705882352942
2024-11-14,CONCACAF League B in Montserrat,2024-07-06,Montserrat,St Vincent/Gren,185,178,1015,1071,-56,0.2950955943474647,0.28345802161263506,0.42144638403990026,3.388732394366197,3.5278592375366573,2.3727810650887573
2024-11-15,European League A in Denmark,2024-07-06,Denmark,Spain,19,2,1816,2112,-296,0.1140215716486903,0.23112480739599384,0.6548536209553159,8.77027027027027,4.326666666666667,1.5270588235294118
2024-11-15,European League A in Portugal,2024-07-06,Portugal,Poland,9,39,1960,1730,230,0.6096605744125326,0.2362924281984334,0.15404699738903394,1.640256959314775,4.232044198895028,6.491525423728814
2024-11-15,European League A in Scotland,2024-07-06,Scotland,Croatia,36,12,1735,1916,-181,0.1875,0.25646551724137934,0.5560344827586207,5.333333333333333,3.8991596638655457,1.7984496124031009
2024-11-15,European League A in Switzerland,2024-07-06,Switzerland,Serbia,13,24,1904,1789,115,0.47880539499036606,0.28901734104046245,0.2321772639691715,2.0885311871227366,3.4599999999999995,4.3070539419087135
2024-11-15,European League C in Cyprus,2024-07-06,Cyprus,Lithuania,138,117,1315,1356,-41,0.3103161397670549,0.3136439267886855,0.37603993344425957,3.222520107238606,3.1883289124668437,2.65929203539823
2024-11-15,European League C in Luxembourg,2024-07-06,Luxembourg,Bulgaria,79,85,1511,1488,23,0.376139188069594,0.3115161557580779,0.3123446561723281,2.6585903083700444,3.210106382978723,3.2015915119363396
2024-11-15,European League C in Northern Ireland,2024-07-06,Northern Ireland,Belarus,78,96,1518,1433,85,0.4188963210702341,0.2842809364548495,0.2968227424749164,2.3872255489021956,3.51764705882353,3.3690140845070418
2024-11-15,European League C in Romania,2024-07-06,Romania,Kosovo,45,81,1682,1505,177,0.5538954108858057,0.25933831376734257,0.18676627534685167,1.8053949903660886,3.8559670781893005,5.354285714285714
2024-11-15,European League D in San Marino,2024-07-06,San Marino,Gibraltar,212,180,774,1057,-283,0.1140215716486903,0.23112480739599384,0.6548536209553159,8.77027027027027,4.326666666666667,1.5270588235294118
2024-11-15,CONCACAF League B in Puerto Rico,2024-07-06,Puerto Rico,Aruba,165,189,1148,992,156,0.5538954108858057,0.25933831376734257,0.18676627534685167,1.8053949903660886,3.8559670781893005,5.354285714285714
2024-11-15,CONCACAF League B in Saint Lucia,2024-07-06,Saint Lucia,Grenada,174,175,1084,1083,1,0.376139188069594,0.3115161557580779,0.3123446561723281,2.6585903083700444,3.210106382978723,3.2015915119363396
2024-11-15,CONCACAF League B in Saint Martin,2024-07-06,Saint Martin,Curaçao,194,118,942,1355,-413,0.04,0.18769230769230769,0.7723076923076924,25.0,5.327868852459017,1.294820717131474
2024-11-15,CONCACAF League B in Sint Maarten,2024-07-06,Sint Maarten,Haiti,204,82,855,1502,-647,0.0,0.053763440860215055,0.946236559139785,inf,18.6,1.0568181818181817
2024-11-16,European League A in Germany,2024-07-06,Germany,Bosnia/Herzegovina,10,89,1934,1476,458,0.8354430379746836,0.13924050632911392,0.02531645569620253,1.196969696969697,7.1818181818181825,39.5
2024-11-16,European League A in the Netherlands,2024-07-06,Netherlands,Hungary,7,23,1989,1801,188,0.5538954108858057,0.25933831376734257,0.18676627534685167,1.8053949903660886,3.8559670781893005,5.354285714285714
2024-11-16,European League B in Albania,2024-07-06,Albania,Czechia,55,38,1631,1732,-101,0.2293488824101069,0.2915451895043732,0.47910592808551994,4.360169491525424,3.4299999999999997,2.0872210953346855
2024-11-16,European League B in Georgia,2024-07-06,Georgia,Ukraine,42,19,1704,1816,-112,0.2293488824101069,0.2915451895043732,0.47910592808551994,4.360169491525424,3.4299999999999997,2.0872210953346855
2024-11-16,European League B in Montenegro,2024-07-06,Montenegro,Iceland,71,68,1555,1562,-7,0.3103161397670549,0.3136439267886855,0.37603993344425957,3.222520107238606,3.1883289124668437,2.65929203539823
2024-11-16,European League B in Turkey,2024-07-06,Turkey,Wales,22,44,1805,1684,121,0.47880539499036606,0.28901734104046245,0.2321772639691715,2.0885311871227366,3.4599999999999995,4.3070539419087135
2024-11-16,European League C in Azerbaijan,2024-07-06,Azerbaijan,Estonia,84,113,1493,1371,122,0.47880539499036606,0.28901734104046245,0.2321772639691715,2.0885311871227366,3.4599999999999995,4.3070539419087135
2024-11-16,European League C in Sweden,2024-07-06,Sweden,Slovakia,47,43,1675,1685,-10,0.3103161397670549,0.3136439267886855,0.37603993344425957,3.222520107238606,3.1883289124668437,2.65929203539823
2024-11-16,European League D in Andorra,2024-07-06,Andorra,Moldova,170,120,1110,1350,-240,0.15625,0.23567708333333334,0.6080729166666666,6.4,4.2430939226519335,1.644539614561028
2024-11-16,CONCACAF League B in Bermuda,2024-07-06,Bermuda,Antigua and Barbuda,168,190,1126,988,138,0.47880539499036606,0.28901734104046245,0.2321772639691715,2.0885311871227366,3.4599999999999995,4.3070539419087135
2024-11-16,CONCACAF League B in Dominica,2024-07-06,Dominica,Dominican Republic,186,159,1008,1208,-200,0.1875,0.25646551724137934,0.5560344827586207,5.333333333333333,3.8991596638655457,1.7984496124031009
2024-11-17,European League A in Israel,2024-07-06,Israel,Belgium,66,10,1567,1934,-367,0.07956989247311828,0.16989247311827957,0.7505376344086021,12.567567567567567,5.886075949367089,1.332378223495702
2024-11-17,European League A in Italy,2024-07-06,Italy,France,14,3,1891,2069,-178,0.1875,0.25646551724137934,0.5560344827586207,5.333333333333333,3.8991596638655457,1.7984496124031009
2024-11-17,European League B in Austria,2024-07-06,Austria,Slovenia,15,29,1876,1771,105,0.47880539499036606,0.28901734104046245,0.2321772639691715,2.0885311871227366,3.4599999999999995,4.3070539419087135
2024-11-17,European League B in England,2024-07-06,England,Ireland,8,59,1971,1619,352,0.7521367521367521,0.16666666666666666,0.0811965811965812,1.3295454545454546,6.0,12.31578947368421
2024-11-17,European League B in Finland,2024-07-06,Finland,Greece,57,34,1627,1739,-112,0.2293488824101069,0.2915451895043732,0.47910592808551994,4.360169491525424,3.4299999999999997,2.0872210953346855
2024-11-17,European League B in Norway,2024-07-06,Norway,Kazakhstan,37,92,1734,1453,281,0.6589861751152074,0.22580645161290322,0.1152073732718894,1.5174825174825175,4.428571428571429,8.68
2024-11-17,European League C in Latvia,2024-07-06,Latvia,Armenia,134,90,1321,1462,-141,0.2293488824101069,0.2915451895043732,0.47910592808551994,4.360169491525424,3.4299999999999997,2.0872210953346855
2024-11-17,European League C in North Macedonia,2024-07-06,North Macedonia,Faroe Islands,74,152,1547,1246,301,0.7140319715808171,0.18650088809946713,0.0994671403197158,1.4004975124378107,5.361904761904762,10.053571428571429
2024-11-17,CONCACAF League B in El Salvador,2024-07-06,El Salvador,Montserrat,110,185,1389,1015,374,0.7521367521367521,0.16666666666666666,0.0811965811965812,1.3295454545454546,6.0,12.31578947368421
2024-11-17,CONCACAF League B in St Vincent/Gren,2024-07-06,St Vincent/Gren,Bonaire,178,206,1071,827,244,0.6096605744125326,0.2362924281984334,0.15404699738903394,1.640256959314775,4.232044198895028,6.491525423728814
2024-11-18,European League A in Croatia,2024-07-06,Croatia,Portugal,12,9,1916,1960,-44,0.3103161397670549,0.3136439267886855,0.37603993344425957,3.222520107238606,3.1883289124668437,2.65929203539823
2024-11-18,European League A in Poland,2024-07-06,Poland,Scotland,39,36,1730,1735,-5,0.3103161397670549,0.3136439267886855,0.37603993344425957,3.222520107238606,3.1883289124668437,2.65929203539823
2024-11-18,European League A in Serbia,2024-07-06,Serbia,Denmark,24,19,1789,1816,-27,0.3103161397670549,0.3136439267886855,0.37603993344425957,3.222520107238606,3.1883289124668437,2.65929203539823
2024-11-18,European League A in Spain,2024-07-06,Spain,Switzerland,2,13,2112,1904,208,0.6096605744125326,0.2362924281984334,0.15404699738903394,1.640256959314775,4.232044198895028,6.491525423728814
2024-11-18,European League C in Bulgaria,2024-07-06,Bulgaria,Belarus,85,96,1488,1433,55,0.4188963210702341,0.2842809364548495,0.2968227424749164,2.3872255489021956,3.51764705882353,3.3690140845070418
2024-11-18,European League C in Kosovo,2024-07-06,Kosovo,Lithuania,81,117,1505,1356,149,0.47880539499036606,0.28901734104046245,0.2321772639691715,2.0885311871227366,3.4599999999999995,4.3070539419087135
2024-11-18,European League C in Luxembourg,2024-07-06,Luxembourg,Northern Ireland,79,78,1511,1518,-7,0.3103161397670549,0.3136439267886855,0.37603993344425957,3.222520107238606,3.1883289124668437,2.65929203539823
2024-11-18,European League C in Romania,2024-07-06,Romania,Cyprus,45,138,1682,1315,367,0.7521367521367521,0.16666666666666666,0.0811965811965812,1.3295454545454546,6.0,12.31578947368421
2024-11-18,European League D in Liechtenstein,2024-07-06,Liechtenstein,San Marino,191,212,968,774,194,0.5538954108858057,0.25933831376734257,0.18676627534685167,1.8053949903660886,3.8559670781893005,5.354285714285714
2024-11-18,CONCACAF League B in Aruba,2024-07-06,Aruba,Sint Maarten,189,204,992,855,137,0.47880539499036606,0.28901734104046245,0.2321772639691715,2.0885311871227366,3.4599999999999995,4.3070539419087135
2024-11-18,CONCACAF League B in Curaçao,2024-07-06,Curaçao,Saint Lucia,118,174,1355,1084,271,0.6589861751152074,0.22580645161290322,0.1152073732718894,1.5174825174825175,4.428571428571429,8.68
2024-11-18,CONCACAF League B in Grenada,2024-07-06,Grenada,Saint Martin,175,194,1083,942,141,0.47880539499036606,0.28901734104046245,0.2321772639691715,2.0885311871227366,3.4599999999999995,4.3070539419087135
2024-11-18,CONCACAF League B in Haiti,2024-07-06,Haiti,Puerto Rico,82,165,1502,1148,354,0.7521367521367521,0.16666666666666666,0.0811965811965812,1.3295454545454546,6.0,12.31578947368421
2024-11-19,World Cup qualifier in Bahrain,2024-07-06,Bahrain,Australia,92,27,1453,1774,-321,0.10124333925399645,0.17939609236234458,0.7193605683836589,9.87719298245614,5.574257425742575,1.3901234567901235
2024-11-19,World Cup qualifier in China,2024-07-06,China,Japan,107,17,1396,1856,-460,0.02608695652173913,0.13478260869565217,0.8391304347826087,38.333333333333336,7.419354838709677,1.1917098445595855
2024-11-19,World Cup qualifier in Indonesia,2024-07-06,Indonesia,Saudi Arabia,129,63,1330,1587,-257,0.1140215716486903,0.23112480739599384,0.6548536209553159,8.77027027027027,4.326666666666667,1.5270588235294118
2024-11-19,World Cup qualifier in Kuwait,2024-07-06,Kuwait,Jordan,127,53,1334,1635,-301,0.10124333925399645,0.17939609236234458,0.7193605683836589,9.87719298245614,5.574257425742575,1.3901234567901235
2024-11-19,World Cup qualifier in Kyrgyzstan,2024-07-06,Kyrgyzstan,Iran,145,21,1279,1807,-528,0.041025641025641026,0.06153846153846154,0.8974358974358975,24.375,16.25,1.1142857142857143
2024-11-19,World Cup qualifier in North Korea,2024-07-06,North Korea,Uzbekistan,108,46,1395,1680,-285,0.1140215716486903,0.23112480739599384,0.6548536209553159,8.77027027027027,4.326666666666667,1.5270588235294118
2024-11-19,World Cup qualifier in Oman,2024-07-06,Oman,Iraq,76,51,1529,1660,-131,0.2293488824101069,0.2915451895043732,0.47910592808551994,4.360169491525424,3.4299999999999997,2.0872210953346855
2024-11-19,World Cup qualifier in Palestine,2024-07-06,Palestine,South Korea,103,35,1406,1738,-332,0.10124333925399645,0.17939609236234458,0.7193605683836589,9.87719298245614,5.574257425742575,1.3901234567901235
2024-11-19,World Cup qualifier in UAE,2024-07-06,United Arab Emirates,Qatar,83,55,1501,1631,-130,0.2293488824101069,0.2915451895043732,0.47910592808551994,4.360169491525424,3.4299999999999997,2.0872210953346855
2024-11-19,European League A in Bosnia/Herzeg,2024-07-06,Bosnia/Herzegovina,Netherlands,89,7,1476,1989,-513,0.041025641025641026,0.06153846153846154,0.8974358974358975,24.375,16.25,1.1142857142857143
2024-11-19,European League A in Hungary,2024-07-06,Hungary,Germany,23,10,1801,1934,-133,0.2293488824101069,0.2915451895043732,0.47910592808551994,4.360169491525424,3.4299999999999997,2.0872210953346855
2024-11-19,European League B in Albania,2024-07-06,Albania,Ukraine,55,19,1631,1816,-185,0.1875,0.25646551724137934,0.5560344827586207,5.333333333333333,3.8991596638655457,1.7984496124031009
2024-11-19,European League B in Czechia,2024-07-06,Czechia,Georgia,38,42,1732,1704,28,0.376139188069594,0.3115161557580779,0.3123446561723281,2.6585903083700444,3.210106382978723,3.2015915119363396
2024-11-19,European League B in Montenegro,2024-07-06,Montenegro,Turkey,71,22,1555,1805,-250,0.15625,0.23567708333333334,0.6080729166666666,6.4,4.2430939226519335,1.644539614561028
2024-11-19,European League B in Wales,2024-07-06,Wales,Iceland,44,68,1684,1562,122,0.47880539499036606,0.28901734104046245,0.2321772639691715,2.0885311871227366,3.4599999999999995,4.3070539419087135
2024-11-19,European League C in Slovakia,2024-07-06,Slovakia,Estonia,43,113,1685,1371,314,0.7140319715808171,0.18650088809946713,0.0994671403197158,1.4004975124378107,5.361904761904762,10.053571428571429
2024-11-19,European League C in Sweden,2024-07-06,Sweden,Azerbaijan,47,84,1675,1493,182,0.5538954108858057,0.25933831376734257,0.18676627534685167,1.8053949903660886,3.8559670781893005,5.354285714285714
2024-11-19,European League D in Malta,2024-07-06,Malta,Andorra,151,170,1257,1110,147,0.47880539499036606,0.28901734104046245,0.2321772639691715,2.0885311871227366,3.4599999999999995,4.3070539419087135
2024-11-19,World Cup qualifier in Argentina,2024-07-06,Argentina,Peru,1,41,2142,1710,432,0.7701863354037267,0.18633540372670807,0.043478260869565216,1.2983870967741935,5.366666666666667,23.0
2024-11-19,World Cup qualifier in Bolivia,2024-07-06,Bolivia,Paraguay,73,49,1551,1661,-110,0.2293488824101069,0.2915451895043732,0.47910592808551994,4.360169491525424,3.4299999999999997,2.0872210953346855
2024-11-19,World Cup qualifier in Brazil,2024-07-06,Brazil,Uruguay,6,5,2021,2027,-6,0.3103161397670549,0.3136439267886855,0.37603993344425957,3.222520107238606,3.1883289124668437,2.65929203539823
2024-11-19,World Cup qualifier in Chile,2024-07-06,Chile,Venezuela,40,18,1723,1820,-97,0.2950955943474647,0.28345802161263506,0.42144638403990026,3.388732394366197,3.5278592375366573,2.3727810650887573
2024-11-19,World Cup qualifier in Colombia,2024-07-06,Colombia,Ecuador,4,16,2030,1871,159,0.5538954108858057,0.25933831376734257,0.18676627534685167,1.8053949903660886,3.8559670781893005,5.354285714285714
2024-11-19,CONCACAF League B in Antigua & Barbuda,2024-07-06,Antigua and Barbuda,Dominica,190,186,988,1008,-20,0.3103161397670549,0.3136439267886855,0.37603993344425957,3.222520107238606,3.1883289124668437,2.65929203539823
2024-11-19,CONCACAF League B in the Dominican Rep,2024-07-06,Dominican Republic,Bermuda,159,168,1208,1126,82,0.4188963210702341,0.2842809364548495,0.2968227424749164,2.3872255489021956,3.51764705882353,3.3690140845070418
2024-11-23,SE Asian Champ in Cambodia,2024-07-06,Cambodia,Malaysia,205,146,842,1274,-432,0.04,0.18769230769230769,0.7723076923076924,25.0,5.327868852459017,1.294820717131474
2024-11-24,SE Asian Champ in Laos,2024-07-06,Laos,Vietnam,225,149,665,1270,-605,0.0,0.053763440860215055,0.946236559139785,inf,18.6,1.0568181818181817
2024-11-24,SE Asian Champ in Myanmar,2024-07-06,Myanmar,Indonesia,197,129,914,1330,-416,0.04,0.18769230769230769,0.7723076923076924,25.0,5.327868852459017,1.294820717131474
2024-11-26,SE Asian Champ in Singapore,2024-07-06,Singapore,Cambodia,171,205,1109,842,267,0.6589861751152074,0.22580645161290322,0.1152073732718894,1.5174825174825175,4.428571428571429,8.68
2024-11-27,SE Asian Champ in Indonesia,2024-07-06,Indonesia,Laos,129,225,1330,665,665,0.9411764705882353,0.04411764705882353,0.014705882352941176,1.0625,22.666666666666664,68.0
2024-11-27,SE Asian Champ in the Philippines,2024-07-06,Philippines,Myanmar,184,197,1034,914,120,0.47880539499036606,0.28901734104046245,0.2321772639691715,2.0885311871227366,3.4599999999999995,4.3070539419087135
2024-11-29,SE Asian Champ in Thailand,2024-07-06,Thailand,Malaysia,97,146,1426,1274,152,0.5538954108858057,0.25933831376734257,0.18676627534685167,1.8053949903660886,3.8559670781893005,5.354285714285714
2024-11-30,SE Asian Champ in Laos,2024-07-06,Laos,Philippines,225,184,665,1034,-369,0.07956989247311828,0.16989247311827957,0.7505376344086021,12.567567567567567,5.886075949367089,1.332378223495702
2024-11-30,SE Asian Champ in Vietnam,2024-07-06,Vietnam,Indonesia,149,129,1270,1330,-60,0.2950955943474647,0.28345802161263506,0.42144638403990026,3.388732394366197,3.5278592375366573,2.3727810650887573
2024-12-02,SE Asian Champ in Singapore,2024-07-06,Singapore,Thailand,171,97,1109,1426,-317,0.10124333925399645,0.17939609236234458,0.7193605683836589,9.87719298245614,5.574257425742575,1.3901234567901235
2024-12-03,SE Asian Champ in Myanmar,2024-07-06,Myanmar,Laos,197,225,914,665,249,0.6096605744125326,0.2362924281984334,0.15404699738903394,1.640256959314775,4.232044198895028,6.491525423728814
2024-12-03,SE Asian Champ in the Philippines,2024-07-06,Philippines,Vietnam,184,149,1034,1270,-236,0.15625,0.23567708333333334,0.6080729166666666,6.4,4.2430939226519335,1.644539614561028
2024-12-06,SE Asian Champ in Malaysia,2024-07-06,Malaysia,Singapore,146,171,1274,1109,165,0.5538954108858057,0.25933831376734257,0.18676627534685167,1.8053949903660886,3.8559670781893005,5.354285714285714
2024-12-06,SE Asian Champ in Thailand,2024-07-06,Thailand,Cambodia,97,205,1426,842,584,0.8629032258064516,0.08064516129032258,0.056451612903225805,1.158878504672897,12.4,17.714285714285715
2024-12-07,SE Asian Champ in Indonesia,2024-07-06,Indonesia,Philippines,129,184,1330,1034,296,0.6589861751152074,0.22580645161290322,0.1152073732718894,1.5174825174825175,4.428571428571429,8.68
2024-12-07,SE Asian Champ in Vietnam,2024-07-06,Vietnam,Myanmar,149,197,1270,914,356,0.7521367521367521,0.16666666666666666,0.0811965811965812,1.3295454545454546,6.0,12.31578947368421
2025-01-06,Friendly in the United States,2024-07-06,Mexico,Thailand,25,97,1785,1426,359,0.7521367521367521,0.16666666666666666,0.0811965811965812,1.3295454545454546,6.0,12.31578947368421
2025-01-13,Friendly in the United States,2024-07-06,El Salvador,Thailand,110,97,1389,1426,-37,0.3103161397670549,0.3136439267886855,0.37603993344425957,3.222520107238606,3.1883289124668437,2.65929203539823
2025-03-20,World Cup qualifier in Australia,2024-07-06,Australia,Indonesia,27,129,1774,1330,444,0.7701863354037267,0.18633540372670807,0.043478260869565216,1.2983870967741935,5.366666666666667,23.0
2025-03-20,World Cup qualifier in Iran,2024-07-06,Iran,United Arab Emirates,21,83,1807,1501,306,0.7140319715808171,0.18650088809946713,0.0994671403197158,1.4004975124378107,5.361904761904762,10.053571428571429
2025-03-20,World Cup qualifier in Iraq,2024-07-06,Iraq,Kuwait,51,127,1660,1334,326,0.7140319715808171,0.18650088809946713,0.0994671403197158,1.4004975124378107,5.361904761904762,10.053571428571429
2025-03-20,World Cup qualifier in Japan,2024-07-06,Japan,Bahrain,17,92,1856,1453,403,0.7701863354037267,0.18633540372670807,0.043478260869565216,1.2983870967741935,5.366666666666667,23.0
2025-03-20,World Cup qualifier in Jordan,2024-07-06,Jordan,Palestine,53,103,1635,1406,229,0.6096605744125326,0.2362924281984334,0.15404699738903394,1.640256959314775,4.232044198895028,6.491525423728814
2025-03-20,World Cup qualifier in Qatar,2024-07-06,Qatar,North Korea,55,108,1631,1395,236,0.6096605744125326,0.2362924281984334,0.15404699738903394,1.640256959314775,4.232044198895028,6.491525423728814
2025-03-20,World Cup qualifier in Saudi Arabia,2024-07-06,Saudi Arabia,China,63,107,1587,1396,191,0.5538954108858057,0.25933831376734257,0.18676627534685167,1.8053949903660886,3.8559670781893005,5.354285714285714
2025-03-20,World Cup qualifier in South Korea,2024-07-06,South Korea,Oman,35,76,1738,1529,209,0.6096605744125326,0.2362924281984334,0.15404699738903394,1.640256959314775,4.232044198895028,6.491525423728814
2025-03-20,World Cup qualifier in Uzbekistan,2024-07-06,Uzbekistan,Kyrgyzstan,46,145,1680,1279,401,0.7701863354037267,0.18633540372670807,0.043478260869565216,1.2983870967741935,5.366666666666667,23.0
2025-03-20,World Cup qualifier in Brazil,2024-07-06,Brazil,Colombia,6,4,2021,2030,-9,0.3103161397670549,0.3136439267886855,0.37603993344425957,3.222520107238606,3.1883289124668437,2.65929203539823
2025-03-20,World Cup qualifier in Ecuador,2024-07-06,Ecuador,Venezuela,16,18,1871,1820,51,0.4188963210702341,0.2842809364548495,0.2968227424749164,2.3872255489021956,3.51764705882353,3.3690140845070418
2025-03-20,World Cup qualifier in Paraguay,2024-07-06,Paraguay,Chile,49,40,1661,1723,-62,0.2950955943474647,0.28345802161263506,0.42144638403990026,3.388732394366197,3.5278592375366573,2.3727810650887573
2025-03-20,World Cup qualifier in Peru,2024-07-06,Peru,Bolivia,41,73,1710,1551,159,0.5538954108858057,0.25933831376734257,0.18676627534685167,1.8053949903660886,3.8559670781893005,5.354285714285714
2025-03-20,World Cup qualifier in Uruguay,2024-07-06,Uruguay,Argentina,5,1,2027,2142,-115,0.2293488824101069,0.2915451895043732,0.47910592808551994,4.360169491525424,3.4299999999999997,2.0872210953346855
2025-03-25,World Cup qualifier in China,2024-07-06,China,Australia,107,27,1396,1774,-378,0.07956989247311828,0.16989247311827957,0.7505376344086021,12.567567567567567,5.886075949367089,1.332378223495702
2025-03-25,World Cup qualifier in Indonesia,2024-07-06,Indonesia,Bahrain,129,92,1330,1453,-123,0.2293488824101069,0.2915451895043732,0.47910592808551994,4.360169491525424,3.4299999999999997,2.0872210953346855
2025-03-25,World Cup qualifier in Iran,2024-07-06,Iran,Uzbekistan,21,46,1807,1680,127,0.47880539499036606,0.28901734104046245,0.2321772639691715,2.0885311871227366,3.4599999999999995,4.3070539419087135
2025-03-25,World Cup qualifier in Japan,2024-07-06,Japan,Saudi Arabia,17,63,1856,1587,269,0.6589861751152074,0.22580645161290322,0.1152073732718894,1.5174825174825175,4.428571428571429,8.68
2025-03-25,World Cup qualifier in Kuwait,2024-07-06,Kuwait,Oman,127,76,1334,1529,-195,0.1875,0.25646551724137934,0.5560344827586207,5.333333333333333,3.8991596638655457,1.7984496124031009
2025-03-25,World Cup qualifier in Kyrgyzstan,2024-07-06,Kyrgyzstan,Qatar,145,55,1279,1631,-352,0.07956989247311828,0.16989247311827957,0.7505376344086021,12.567567567567567,5.886075949367089,1.332378223495702
2025-03-25,World Cup qualifier in North Korea,2024-07-06,North Korea,United Arab Emirates,108,83,1395,1501,-106,0.2293488824101069,0.2915451895043732,0.47910592808551994,4.360169491525424,3.4299999999999997,2.0872210953346855
2025-03-25,World Cup qualifier in Palestine,2024-07-06,Palestine,Iraq,103,51,1406,1660,-254,0.1140215716486903,0.23112480739599384,0.6548536209553159,8.77027027027027,4.326666666666667,1.5270588235294118
2025-03-25,World Cup qualifier in South Korea,2024-07-06,South Korea,Jordan,35,53,1738,1635,103,0.47880539499036606,0.28901734104046245,0.2321772639691715,2.0885311871227366,3.4599999999999995,4.3070539419087135
2025-03-25,World Cup qualifier in Argentina,2024-07-06,Argentina,Brazil,1,6,2142,2021,121,0.47880539499036606,0.28901734104046245,0.2321772639691715,2.0885311871227366,3.4599999999999995,4.3070539419087135
2025-03-25,World Cup qualifier in Bolivia,2024-07-06,Bolivia,Uruguay,73,5,1551,2027,-476,0.02608695652173913,0.13478260869565217,0.8391304347826087,38.333333333333336,7.419354838709677,1.1917098445595855
2025-03-25,World Cup qualifier in Chile,2024-07-06,Chile,Ecuador,40,16,1723,1871,-148,0.2293488824101069,0.2915451895043732,0.47910592808551994,4.360169491525424,3.4299999999999997,2.0872210953346855
2025-03-25,World Cup qualifier in Colombia,2024-07-06,Colombia,Paraguay,4,49,2030,1661,369,0.7521367521367521,0.16666666666666666,0.0811965811965812,1.3295454545454546,6.0,12.31578947368421
2025-03-25,World Cup qualifier in Venezuela,2024-07-06,Venezuela,Peru,18,41,1820,1710,110,0.47880539499036606,0.28901734104046245,0.2321772639691715,2.0885311871227366,3.4599999999999995,4.3070539419087135
2025-06-04,World Cup qualifier in Chile,2024-07-06,Chile,Argentina,40,1,1723,2142,-419,0.04,0.18769230769230769,0.7723076923076924,25.0,5.327868852459017,1.294820717131474
2025-06-04,World Cup qualifier in Colombia,2024-07-06,Colombia,Peru,4,41,2030,1710,320,0.7140319715808171,0.18650088809946713,0.0994671403197158,1.4004975124378107,5.361904761904762,10.053571428571429
2025-06-04,World Cup qualifier in Ecuador,2024-07-06,Ecuador,Brazil,16,6,1871,2021,-150,0.2293488824101069,0.2915451895043732,0.47910592808551994,4.360169491525424,3.4299999999999997,2.0872210953346855
2025-06-04,World Cup qualifier in Paraguay,2024-07-06,Paraguay,Uruguay,49,5,1661,2027,-366,0.07956989247311828,0.16989247311827957,0.7505376344086021,12.567567567567567,5.886075949367089,1.332378223495702
2025-06-04,World Cup qualifier in Venezuela,2024-07-06,Venezuela,Bolivia,18,73,1820,1551,269,0.6589861751152074,0.22580645161290322,0.1152073732718894,1.5174825174825175,4.428571428571429,8.68
2025-06-04,World Cup qualifier in Barbados,2024-07-06,Barbados,Aruba,195,189,930,992,-62,0.2950955943474647,0.28345802161263506,0.42144638403990026,3.388732394366197,3.5278592375366573,2.3727810650887573
2025-06-04,World Cup qualifier in Bermuda,2024-07-06,Bermuda,Cayman Islands,168,207,1126,825,301,0.7140319715808171,0.18650088809946713,0.0994671403197158,1.4004975124378107,5.361904761904762,10.053571428571429
2025-06-04,World Cup qualifier in Dominica,2024-07-06,Dominica,British Virgin Islands,186,227,1008,651,357,0.7521367521367521,0.16666666666666666,0.0811965811965812,1.3295454545454546,6.0,12.31578947368421
2025-06-04,World Cup qualifier in Grenada,2024-07-06,Grenada,Bahamas,175,209,1083,810,273,0.6589861751152074,0.22580645161290322,0.1152073732718894,1.5174825174825175,4.428571428571429,8.68
2025-06-04,World Cup qualifier in Montserrat,2024-07-06,Montserrat,Belize,185,182,1015,1039,-24,0.3103161397670549,0.3136439267886855,0.37603993344425957,3.222520107238606,3.1883289124668437,2.65929203539823
2025-06-04,World Cup qualifier in St Vincent/Gren,2024-07-06,St Vincent/Gren,Anguilla,178,233,1071,599,472,0.8354430379746836,0.13924050632911392,0.02531645569620253,1.196969696969697,7.1818181818181825,39.5
2025-06-05,World Cup qualifier in Australia,2024-07-06,Australia,Japan,27,17,1774,1856,-82,0.2950955943474647,0.28345802161263506,0.42144638403990026,3.388732394366197,3.5278592375366573,2.3727810650887573
2025-06-05,World Cup qualifier in Bahrain,2024-07-06,Bahrain,Saudi Arabia,92,63,1453,1587,-134,0.2293488824101069,0.2915451895043732,0.47910592808551994,4.360169491525424,3.4299999999999997,2.0872210953346855
2025-06-05,World Cup qualifier in Indonesia,2024-07-06,Indonesia,China,129,107,1330,1396,-66,0.2950955943474647,0.28345802161263506,0.42144638403990026,3.388732394366197,3.5278592375366573,2.3727810650887573
2025-06-05,World Cup qualifier in Iraq,2024-07-06,Iraq,South Korea,51,35,1660,1738,-78,0.2950955943474647,0.28345802161263506,0.42144638403990026,3.388732394366197,3.5278592375366573,2.3727810650887573
2025-06-05,World Cup qualifier in Kuwait,2024-07-06,Kuwait,Palestine,127,103,1334,1406,-72,0.2950955943474647,0.28345802161263506,0.42144638403990026,3.388732394366197,3.5278592375366573,2.3727810650887573
2025-06-05,World Cup qualifier in North Korea,2024-07-06,North Korea,Kyrgyzstan,108,145,1395,1279,116,0.47880539499036606,0.28901734104046245,0.2321772639691715,2.0885311871227366,3.4599999999999995,4.3070539419087135
2025-06-05,World Cup qualifier in Oman,2024-07-06,Oman,Jordan,76,53,1529,1635,-106,0.2293488824101069,0.2915451895043732,0.47910592808551994,4.360169491525424,3.4299999999999997,2.0872210953346855
2025-06-05,World Cup qualifier in Qatar,2024-07-06,Qatar,Iran,55,21,1631,1807,-176,0.1875,0.25646551724137934,0.5560344827586207,5.333333333333333,3.8991596638655457,1.7984496124031009
2025-06-05,World Cup qualifier in UAE,2024-07-06,United Arab Emirates,Uzbekistan,83,46,1501,1680,-179,0.1875,0.25646551724137934,0.5560344827586207,5.333333333333333,3.8991596638655457,1.7984496124031009
2025-06-06,World Cup qualifier in Antigua & Barbuda,2024-07-06,Antigua and Barbuda,Cuba,190,141,988,1295,-307,0.10124333925399645,0.17939609236234458,0.7193605683836589,9.87719298245614,5.574257425742575,1.3901234567901235
2025-06-06,World Cup qualifier in Curaçao,2024-07-06,Curaçao,Saint Lucia,118,174,1355,1084,271,0.6589861751152074,0.22580645161290322,0.1152073732718894,1.5174825174825175,4.428571428571429,8.68
2025-06-06,World Cup qualifier in Guatemala,2024-07-06,Guatemala,Dominican Republic,86,159,1485,1208,277,0.6589861751152074,0.22580645161290322,0.1152073732718894,1.5174825174825175,4.428571428571429,8.68
2025-06-06,World Cup qualifier in Nicaragua,2024-07-06,Nicaragua,Guyana,122,146,1349,1274,75,0.4188963210702341,0.2842809364548495,0.2968227424749164,2.3872255489021956,3.51764705882353,3.3690140845070418
2025-06-06,World Cup qualifier in Suriname,2024-07-06,Suriname,Puerto Rico,135,165,1319,1148,171,0.5538954108858057,0.25933831376734257,0.18676627534685167,1.8053949903660886,3.8559670781893005,5.354285714285714
2025-06-06,World Cup qualifier in Trinidad & Tobago,2024-07-06,Trinidad and Tobago,Saint Kitts and Nevis,102,176,1413,1082,331,0.7140319715808171,0.18650088809946713,0.0994671403197158,1.4004975124378107,5.361904761904762,10.053571428571429
2025-06-07,World Cup qualifier in Anguilla,2024-07-06,Anguilla,El Salvador,233,110,599,1389,-790,0.0,0.0,1.0,inf,inf,1.0
2025-06-07,World Cup qualifier in Aruba,2024-07-06,Aruba,Haiti,189,82,992,1502,-510,0.041025641025641026,0.06153846153846154,0.8974358974358975,24.375,16.25,1.1142857142857143
2025-06-07,World Cup qualifier in the Bahamas,2024-07-06,Bahamas,Costa Rica,209,49,810,1661,-851,0.0,0.0,1.0,inf,inf,1.0
2025-06-07,World Cup qualifier in Belize,2024-07-06,Belize,Panama,182,31,1039,1747,-708,0.0,0.01694915254237288,0.9830508474576272,inf,59.0,1.0172413793103448
2025-06-07,World Cup qualifier in the Br Virgin Islands,2024-07-06,British Virgin Islands,Jamaica,227,61,651,1589,-938,0.0,0.0,1.0,inf,inf,1.0
2025-06-07,World Cup qualifier in the Cayman Islands,2024-07-06,Cayman Islands,Honduras,207,79,825,1511,-686,0.014925373134328358,0.04477611940298507,0.9402985074626866,67.0,22.333333333333336,1.0634920634920635
2025-06-09,World Cup qualifier in Argentina,2024-07-06,Argentina,Colombia,1,4,2142,2030,112,0.47880539499036606,0.28901734104046245,0.2321772639691715,2.0885311871227366,3.4599999999999995,4.3070539419087135
2025-06-09,World Cup qualifier in Bolivia,2024-07-06,Bolivia,Chile,73,40,1551,1723,-172,0.1875,0.25646551724137934,0.5560344827586207,5.333333333333333,3.8991596638655457,1.7984496124031009
2025-06-09,World Cup qualifier in Brazil,2024-07-06,Brazil,Paraguay,6,49,2021,1661,360,0.7521367521367521,0.16666666666666666,0.0811965811965812,1.3295454545454546,6.0,12.31578947368421
2025-06-09,World Cup qualifier in Peru,2024-07-06,Peru,Ecuador,41,16,1710,1871,-161,0.1875,0.25646551724137934,0.5560344827586207,5.333333333333333,3.8991596638655457,1.7984496124031009
2025-06-09,World Cup qualifier in Uruguay,2024-07-06,Uruguay,Venezuela,5,18,2027,1820,207,0.6096605744125326,0.2362924281984334,0.15404699738903394,1.640256959314775,4.232044198895028,6.491525423728814
2025-06-10,World Cup qualifier in China,2024-07-06,China,Bahrain,107,92,1396,1453,-57,0.2950955943474647,0.28345802161263506,0.42144638403990026,3.388732394366197,3.5278592375366573,2.3727810650887573
2025-06-10,World Cup qualifier in Iran,2024-07-06,Iran,North Korea,21,108,1807,1395,412,0.7701863354037267,0.18633540372670807,0.043478260869565216,1.2983870967741935,5.366666666666667,23.0
2025-06-10,World Cup qualifier in Japan,2024-07-06,Japan,Indonesia,17,129,1856,1330,526,0.8936170212765957,0.06382978723404255,0.0425531914893617,1.119047619047619,15.666666666666668,23.5
2025-06-10,World Cup qualifier in Jordan,2024-07-06,Jordan,Iraq,53,51,1635,1660,-25,0.3103161397670549,0.3136439267886855,0.37603993344425957,3.222520107238606,3.1883289124668437,2.65929203539823
2025-06-10,World Cup qualifier in Kyrgyzstan,2024-07-06,Kyrgyzstan,United Arab Emirates,145,83,1279,1501,-222,0.15625,0.23567708333333334,0.6080729166666666,6.4,4.2430939226519335,1.644539614561028
2025-06-10,World Cup qualifier in Palestine,2024-07-06,Palestine,Oman,103,76,1406,1529,-123,0.2293488824101069,0.2915451895043732,0.47910592808551994,4.360169491525424,3.4299999999999997,2.0872210953346855
2025-06-10,World Cup qualifier in Saudi Arabia,2024-07-06,Saudi Arabia,Australia,63,27,1587,1774,-187,0.1875,0.25646551724137934,0.5560344827586207,5.333333333333333,3.8991596638655457,1.7984496124031009
2025-06-10,World Cup qualifier in South Korea,2024-07-06,South Korea,Kuwait,35,127,1738,1334,404,0.7701863354037267,0.18633540372670807,0.043478260869565216,1.2983870967741935,5.366666666666667,23.0
2025-06-10,World Cup qualifier in Uzbekistan,2024-07-06,Uzbekistan,Qatar,46,55,1680,1631,49,0.376139188069594,0.3115161557580779,0.3123446561723281,2.6585903083700444,3.210106382978723,3.2015915119363396
2025-06-10,World Cup qualifier in Costa Rica,2024-07-06,Costa Rica,Trinidad and Tobago,49,102,1661,1413,248,0.6096605744125326,0.2362924281984334,0.15404699738903394,1.640256959314775,4.232044198895028,6.491525423728814
2025-06-10,World Cup qualifier in Cuba,2024-07-06,Cuba,Bermuda,141,168,1295,1126,169,0.5538954108858057,0.25933831376734257,0.18676627534685167,1.8053949903660886,3.8559670781893005,5.354285714285714
2025-06-10,World Cup qualifier in the Dominican Rep,2024-07-06,Dominican Republic,Dominica,159,186,1208,1008,200,0.6096605744125326,0.2362924281984334,0.15404699738903394,1.640256959314775,4.232044198895028,6.491525423728814
2025-06-10,World Cup qualifier in El Salvador,2024-07-06,El Salvador,Suriname,110,135,1389,1319,70,0.4188963210702341,0.2842809364548495,0.2968227424749164,2.3872255489021956,3.51764705882353,3.3690140845070418
2025-06-10,World Cup qualifier in Guyana,2024-07-06,Guyana,Montserrat,146,185,1274,1015,259,0.6589861751152074,0.22580645161290322,0.1152073732718894,1.5174825174825175,4.428571428571429,8.68
2025-06-10,World Cup qualifier in Haiti,2024-07-06,Haiti,Curaçao,82,118,1502,1355,147,0.47880539499036606,0.28901734104046245,0.2321772639691715,2.0885311871227366,3.4599999999999995,4.3070539419087135
2025-06-10,World Cup qualifier in Honduras,2024-07-06,Honduras,Antigua and Barbuda,79,190,1511,988,523,0.8936170212765957,0.06382978723404255,0.0425531914893617,1.119047619047619,15.666666666666668,23.5
2025-06-10,World Cup qualifier in Jamaica,2024-07-06,Jamaica,Guatemala,61,86,1589,1485,104,0.47880539499036606,0.28901734104046245,0.2321772639691715,2.0885311871227366,3.4599999999999995,4.3070539419087135
2025-06-10,World Cup qualifier in Panama,2024-07-06,Panama,Nicaragua,31,122,1747,1349,398,0.7521367521367521,0.16666666666666666,0.0811965811965812,1.3295454545454546,6.0,12.31578947368421
2025-06-10,World Cup qualifier in Puerto Rico,2024-07-06,Puerto Rico,St Vincent/Gren,165,178,1148,1071,77,0.4188963210702341,0.2842809364548495,0.2968227424749164,2.3872255489021956,3.51764705882353,3.3690140845070418
2025-06-10,World Cup qualifier in St Kitts and Nevis,2024-07-06,Saint Kitts and Nevis,Grenada,176,175,1082,1083,-1,0.3103161397670549,0.3136439267886855,0.37603993344425957,3.222520107238606,3.1883289124668437,2.65929203539823
2025-06-10,World Cup qualifier in Saint Lucia,2024-07-06,Saint Lucia,Barbados,174,195,1084,930,154,0.5538954108858057,0.25933831376734257,0.18676627534685167,1.8053949903660886,3.8559670781893005,5.354285714285714
2025-09-09,World Cup qualifier in Argentina,2024-07-06,Argentina,Venezuela,1,18,2142,1820,322,0.7140319715808171,0.18650088809946713,0.0994671403197158,1.4004975124378107,5.361904761904762,10.053571428571429
2025-09-09,World Cup qualifier in Brazil,2024-07-06,Brazil,Chile,6,40,2021,1723,298,0.6589861751152074,0.22580645161290322,0.1152073732718894,1.5174825174825175,4.428571428571429,8.68
2025-09-09,World Cup qualifier in Colombia,2024-07-06,Colombia,Bolivia,4,73,2030,1551,479,0.8354430379746836,0.13924050632911392,0.02531645569620253,1.196969696969697,7.1818181818181825,39.5
2025-09-09,World Cup qualifier in Paraguay,2024-07-06,Paraguay,Ecuador,49,16,1661,1871,-210,0.15625,0.23567708333333334,0.6080729166666666,6.4,4.2430939226519335,1.644539614561028
2025-09-09,World Cup qualifier in Uruguay,2024-07-06,Uruguay,Peru,5,41,2027,1710,317,0.7140319715808171,0.18650088809946713,0.0994671403197158,1.4004975124378107,5.361904761904762,10.053571428571429
2025-09-14,World Cup qualifier in Bolivia,2024-07-06,Bolivia,Brazil,73,6,1551,2021,-470,0.02608695652173913,0.13478260869565217,0.8391304347826087,38.333333333333336,7.419354838709677,1.1917098445595855
2025-09-14,World Cup qualifier in Chile,2024-07-06,Chile,Uruguay,40,5,1723,2027,-304,0.10124333925399645,0.17939609236234458,0.7193605683836589,9.87719298245614,5.574257425742575,1.3901234567901235
2025-09-14,World Cup qualifier in Ecuador,2024-07-06,Ecuador,Argentina,16,1,1871,2142,-271,0.1140215716486903,0.23112480739599384,0.6548536209553159,8.77027027027027,4.326666666666667,1.5270588235294118
2025-09-14,World Cup qualifier in Peru,2024-07-06,Peru,Paraguay,41,49,1710,1661,49,0.376139188069594,0.3115161557580779,0.3123446561723281,2.6585903083700444,3.210106382978723,3.2015915119363396
2025-09-14,World Cup qualifier in Venezuela,2024-07-06,Venezuela,Colombia,18,4,1820,2030,-210,0.15625,0.23567708333333334,0.6080729166666666,6.4,4.2430939226519335,1.644539614561028
